Date,Lot,pH,Temp,Current,Voltage,Resistance,Power,ClusterLabel,pH_ma6,Resistance_ma6,Power_ma6,pH_std6,Resistance_std6,Power_std6
2021-09-06,1,2.26,24.11,3.79,4.01,1.07,15.16,0.0,2.26,1.06,15.1,0.46,0.2,2.65
2021-09-06,2,2.17,24.62,3.76,3.96,1.07,14.9,0.0,2.17,1.07,14.97,0.45,0.19,2.51
2021-09-06,3,2.28,24.38,3.66,3.95,1.09,14.4,0.0,2.28,1.09,14.44,0.41,0.2,2.32
2021-09-06,4,2.27,24.11,3.66,4.07,1.13,14.87,0.0,2.26,1.13,14.92,0.43,0.19,2.56
2021-09-06,5,2.32,24.56,3.65,4.05,1.13,14.8,0.0,2.28,1.13,14.76,0.43,0.22,2.89
2021-09-06,6,2.32,24.1,3.71,3.93,1.07,14.6,0.0,2.3,1.07,14.79,0.46,0.17,2.57
2021-09-06,7,2.29,24.63,3.77,3.95,1.07,14.86,0.0,2.3,1.08,14.97,0.44,0.22,2.44
2021-09-06,8,2.34,24.54,3.79,3.87,1.04,14.64,0.0,2.32,1.04,14.64,0.62,0.21,2.64
2021-09-06,9,2.24,24.71,3.75,3.82,1.03,14.36,0.0,2.25,1.03,14.5,0.49,0.18,3.13
2021-09-06,10,2.43,24.19,3.65,4.11,1.16,15.05,0.0,2.43,1.15,14.94,0.55,0.26,3.19
2021-09-06,11,2.16,24.37,3.7,3.98,1.09,14.71,0.0,2.16,1.09,14.69,0.42,0.19,2.72
2021-09-06,12,2.18,24.22,3.79,3.99,1.07,15.13,0.0,2.18,1.07,15.25,0.42,0.2,2.87
2021-09-06,13,2.3,24.81,3.74,4.02,1.09,15.07,0.0,2.3,1.08,14.97,0.48,0.21,2.99
2021-09-06,14,2.31,24.48,3.73,3.99,1.08,14.87,0.0,2.3,1.08,14.95,0.44,0.18,2.7
2021-09-06,15,2.28,24.69,3.62,3.9,1.09,14.14,0.0,2.3,1.09,13.99,0.41,0.21,2.64
2021-09-06,16,2.32,24.22,3.63,3.86,1.08,14.01,0.0,2.33,1.08,14.11,0.49,0.21,2.52
2021-09-06,17,2.19,24.3,3.72,4.12,1.12,15.35,0.0,2.2,1.12,15.29,0.43,0.2,2.76
2021-09-06,18,2.45,24.99,3.73,4.02,1.09,15.04,0.0,2.44,1.09,14.97,0.6,0.19,2.64
2021-09-06,19,2.3,24.33,3.71,4.05,1.11,15.03,0.0,2.31,1.1,14.89,0.46,0.19,2.59
2021-09-06,20,2.2,24.35,3.76,3.97,1.07,14.93,0.0,2.2,1.07,14.89,0.48,0.18,2.68
2021-09-06,21,2.29,24.44,3.73,3.93,1.06,14.77,0.0,2.29,1.08,14.86,0.43,0.18,3.15
2021-09-06,22,2.29,24.19,3.65,3.95,1.09,14.41,0.0,2.26,1.1,14.55,0.42,0.19,2.74
2021-09-07,1,2.27,24.62,3.79,3.99,1.06,15.13,0.0,2.29,1.07,15.28,0.43,0.19,2.73
2021-09-07,2,2.39,24.15,3.74,4.03,1.09,15.21,3.0,2.37,1.08,15.18,0.57,0.2,3.5
2021-09-07,3,2.22,24.63,3.75,3.89,1.06,14.58,0.0,2.21,1.05,14.55,0.34,0.21,2.51
2021-09-07,4,2.23,24.5,3.66,4.02,1.11,14.74,0.0,2.24,1.11,14.78,0.38,0.19,2.92
2021-09-07,5,2.29,24.41,3.63,3.88,1.1,14.04,0.0,2.29,1.09,13.88,0.54,0.23,2.59
2021-09-07,6,2.31,24.09,3.75,3.96,1.07,14.82,0.0,2.29,1.08,14.86,0.55,0.21,2.57
2021-09-07,7,2.35,24.57,3.71,4.0,1.09,14.84,0.0,2.34,1.11,14.76,0.45,0.23,2.78
2021-09-07,8,2.21,24.49,3.74,3.99,1.09,15.02,0.0,2.22,1.09,14.95,0.39,0.18,3.15
2021-09-07,9,2.41,24.81,3.73,3.93,1.06,14.69,0.0,2.4,1.06,14.57,0.53,0.2,3.24
2021-09-07,10,2.37,24.93,3.8,3.99,1.06,15.2,0.0,2.37,1.05,15.16,0.45,0.16,2.77
2021-09-07,11,2.38,24.59,3.71,3.94,1.07,14.69,0.0,2.38,1.07,14.74,0.49,0.19,2.81
2021-09-07,12,2.29,24.75,3.71,3.98,1.09,14.82,0.0,2.27,1.1,14.9,0.43,0.17,2.8
2021-09-07,13,2.43,24.45,3.71,3.9,1.06,14.54,0.0,2.4,1.06,14.59,0.58,0.17,3.17
2021-09-07,14,2.17,24.5,3.75,4.06,1.1,15.2,0.0,2.18,1.1,15.28,0.49,0.22,2.66
2021-09-07,15,2.44,24.5,3.75,3.98,1.07,14.97,0.0,2.41,1.08,14.91,0.73,0.17,2.82
2021-09-07,16,2.2,24.58,3.75,3.96,1.07,14.91,0.0,2.23,1.08,14.81,0.5,0.2,3.02
2021-09-07,17,2.26,24.45,3.76,3.87,1.05,14.53,0.0,2.27,1.06,14.53,0.46,0.24,2.88
2021-09-07,18,2.29,24.38,3.73,4.1,1.11,15.26,0.0,2.29,1.1,15.19,0.5,0.19,2.48
2021-09-07,19,2.28,24.52,3.8,3.97,1.05,15.11,0.0,2.28,1.05,15.14,0.48,0.16,2.82
2021-09-07,20,2.28,24.82,3.72,4.03,1.09,15.03,0.0,2.29,1.09,14.98,0.48,0.19,2.92
2021-09-07,21,2.22,24.51,3.71,3.92,1.07,14.64,0.0,2.21,1.06,14.57,0.43,0.17,2.9
2021-09-07,22,2.39,24.53,3.69,4.05,1.12,14.92,0.0,2.4,1.12,15.09,0.55,0.21,2.29
2021-09-08,1,2.15,24.1,3.77,4.02,1.09,15.1,0.0,2.16,1.1,15.1,0.41,0.25,2.25
2021-09-08,2,2.24,24.21,3.72,4.01,1.09,14.89,0.0,2.24,1.09,14.91,0.43,0.19,2.37
2021-09-08,3,2.32,24.23,3.69,4.01,1.12,14.82,0.0,2.33,1.11,14.84,0.56,0.23,2.83
2021-09-08,4,2.19,24.08,3.67,3.92,1.09,14.41,0.0,2.21,1.09,14.45,0.5,0.2,2.62
2021-09-08,5,2.23,24.43,3.65,3.89,1.09,14.24,0.0,2.25,1.09,14.22,0.47,0.23,2.63
2021-09-08,6,2.46,24.47,3.73,3.97,1.09,14.71,0.0,2.46,1.09,14.61,0.74,0.24,3.03
2021-09-08,7,2.16,24.3,3.79,3.77,1.01,14.29,0.0,2.16,1.01,14.33,0.45,0.22,3.28
2021-09-08,8,2.23,24.21,3.78,3.91,1.05,14.73,0.0,2.23,1.06,14.8,0.38,0.2,2.35
2021-09-08,9,2.14,24.76,3.89,3.99,1.04,15.56,0.0,2.15,1.03,15.64,0.43,0.17,2.82
2021-09-08,10,2.28,24.23,3.78,4.06,1.09,15.38,0.0,2.27,1.08,15.43,0.41,0.18,2.65
2021-09-08,11,2.17,24.6,3.68,4.03,1.11,14.85,0.0,2.2,1.1,14.77,0.46,0.21,2.77
2021-09-08,12,2.23,24.13,3.72,4.05,1.11,15.08,0.0,2.23,1.11,15.09,0.38,0.18,2.76
2021-09-08,13,2.24,24.67,3.67,4.01,1.11,14.72,0.0,2.21,1.11,14.76,0.37,0.2,2.61
2021-09-08,14,2.37,24.5,3.73,3.99,1.08,14.94,0.0,2.38,1.08,14.97,0.61,0.16,2.81
2021-09-08,15,2.2,24.31,3.84,4.05,1.07,15.52,0.0,2.21,1.06,15.61,0.4,0.18,2.54
2021-09-08,16,2.32,24.3,3.75,4.06,1.1,15.27,0.0,2.33,1.1,15.23,0.39,0.16,2.8
2021-09-08,17,2.21,24.08,3.74,3.84,1.04,14.43,0.0,2.21,1.03,14.32,0.53,0.16,2.86
2021-09-08,18,2.27,24.81,3.71,4.09,1.12,15.16,0.0,2.27,1.1,15.14,0.57,0.17,2.35
2021-09-08,19,2.22,23.94,3.72,3.98,1.08,14.85,0.0,2.22,1.07,14.82,0.43,0.22,3.21
2021-09-08,20,2.24,24.53,3.76,4.06,1.09,15.3,0.0,2.26,1.1,15.37,0.42,0.19,2.58
2021-09-08,21,2.37,24.54,3.73,4.0,1.09,14.86,0.0,2.38,1.09,14.94,0.55,0.22,2.55
2021-09-08,22,2.41,24.36,3.72,3.88,1.06,14.47,0.0,2.4,1.07,14.46,0.54,0.22,2.82
2021-09-09,1,2.46,24.43,3.81,3.83,1.02,14.59,0.0,2.44,1.03,14.6,0.49,0.19,2.81
2021-09-09,2,2.23,24.46,3.74,3.93,1.06,14.69,0.0,2.25,1.07,14.66,0.49,0.23,2.96
2021-09-09,3,2.27,24.52,3.76,3.9,1.05,14.66,0.0,2.29,1.05,14.79,0.4,0.17,2.75
2021-09-09,4,2.26,24.67,3.68,4.05,1.12,14.97,0.0,2.28,1.12,14.83,0.68,0.19,2.81
2021-09-09,5,2.25,24.59,3.78,3.82,1.02,14.47,0.0,2.28,1.02,14.41,0.5,0.25,3.39
2021-09-09,6,2.22,23.92,3.84,3.97,1.05,15.19,0.0,2.23,1.04,15.29,0.4,0.2,2.57
2021-09-09,7,2.38,24.4,3.74,3.94,1.07,14.77,0.0,2.37,1.08,14.79,0.48,0.19,2.95
2021-09-09,8,2.34,24.44,3.67,3.76,1.04,13.85,1.0,2.34,1.04,13.81,0.66,0.25,3.34
2021-09-09,9,2.38,24.43,3.68,3.7,1.01,13.8,0.0,2.36,1.01,13.78,0.54,0.17,3.36
2021-09-09,10,2.32,24.45,3.64,3.77,1.05,13.8,0.0,2.31,1.05,13.92,0.47,0.18,2.83
2021-09-09,11,2.2,24.27,3.66,3.72,1.03,13.65,0.0,2.22,1.02,13.54,0.36,0.2,2.76
2021-09-09,12,2.27,24.31,3.73,3.96,1.07,14.82,0.0,2.29,1.07,14.89,0.41,0.18,2.85
2021-09-09,13,2.28,24.09,3.75,4.05,1.1,15.26,0.0,2.28,1.11,15.18,0.52,0.21,3.11
2021-09-09,14,2.24,24.32,3.7,3.97,1.09,14.73,0.0,2.25,1.09,14.9,0.48,0.17,2.91
2021-09-09,15,2.19,24.06,3.7,3.98,1.1,14.75,0.0,2.19,1.1,14.9,0.37,0.22,2.82
2021-09-09,16,2.22,24.29,3.74,3.93,1.07,14.66,0.0,2.22,1.06,14.66,0.45,0.24,3.46
2021-09-09,17,2.22,24.62,3.79,4.02,1.07,15.27,0.0,2.23,1.07,15.2,0.44,0.17,2.79
2021-09-09,18,2.25,24.33,3.71,3.91,1.07,14.56,0.0,2.25,1.07,14.68,0.42,0.21,3.06
2021-09-09,19,2.34,24.38,3.83,4.02,1.06,15.41,0.0,2.34,1.06,15.46,0.39,0.17,2.8
2021-09-09,20,2.31,24.4,3.84,3.94,1.04,15.09,0.0,2.31,1.05,15.01,0.44,0.2,2.21
2021-09-09,21,2.26,24.14,3.71,3.92,1.07,14.73,0.0,2.28,1.07,14.86,0.45,0.15,3.45
2021-09-09,22,2.29,25.08,3.72,3.92,1.07,14.56,0.0,2.29,1.06,14.61,0.42,0.18,2.62
2021-09-10,1,2.22,24.72,3.64,3.99,1.12,14.61,0.0,2.22,1.11,14.71,0.42,0.2,3.2
2021-09-10,2,2.27,24.83,3.72,3.91,1.06,14.49,0.0,2.28,1.07,14.46,0.46,0.22,2.43
2021-09-10,3,2.28,24.38,3.77,3.95,1.05,14.95,0.0,2.26,1.05,14.99,0.47,0.15,2.89
2021-09-10,4,2.22,24.52,3.79,3.93,1.05,14.88,0.0,2.21,1.04,14.85,0.45,0.21,3.34
2021-09-10,5,2.22,24.25,3.6,3.99,1.15,14.32,0.0,2.23,1.16,14.21,0.4,0.32,3.0
2021-09-10,6,2.33,24.39,3.65,4.0,1.11,14.67,0.0,2.33,1.11,14.61,0.45,0.19,2.91
2021-09-10,7,2.35,24.65,3.7,3.89,1.07,14.42,0.0,2.37,1.06,14.42,0.48,0.17,2.68
2021-09-10,8,2.26,24.4,3.73,4.0,1.08,14.99,0.0,2.28,1.08,14.92,0.47,0.17,3.09
2021-09-10,9,2.21,24.82,3.87,4.1,1.07,15.87,0.0,2.22,1.07,15.87,0.43,0.15,2.72
2021-09-10,10,2.36,24.56,3.75,3.89,1.05,14.54,0.0,2.36,1.05,14.55,0.45,0.21,3.02
2021-09-10,11,2.37,24.61,3.75,3.8,1.03,14.3,0.0,2.39,1.02,14.3,0.6,0.21,3.05
2021-09-10,12,2.34,24.09,3.64,3.97,1.1,14.53,0.0,2.35,1.1,14.59,0.49,0.18,3.12
2021-09-10,13,2.28,25.03,3.63,3.99,1.13,14.45,0.0,2.28,1.12,14.42,0.4,0.25,2.52
2021-09-10,14,2.18,24.15,3.72,3.91,1.09,14.4,0.0,2.19,1.1,14.47,0.39,0.28,2.19
2021-09-10,15,2.31,24.25,3.75,4.1,1.11,15.35,0.0,2.3,1.11,15.29,0.43,0.22,2.54
2021-09-10,16,2.25,24.71,3.67,3.94,1.09,14.42,0.0,2.26,1.09,14.59,0.54,0.21,2.8
2021-09-10,17,2.26,24.21,3.77,4.01,1.07,15.18,0.0,2.26,1.08,15.25,0.43,0.17,2.79
2021-09-10,18,2.37,24.46,3.77,3.99,1.07,15.07,0.0,2.39,1.06,14.9,0.5,0.19,2.75
2021-09-10,19,2.25,24.48,3.85,4.06,1.06,15.62,0.0,2.28,1.07,15.68,0.49,0.19,2.23
2021-09-10,20,2.22,24.99,3.69,3.96,1.09,14.58,0.0,2.24,1.09,14.45,0.45,0.18,2.58
2021-09-10,21,2.28,24.3,3.64,3.75,1.05,13.69,0.0,2.29,1.04,13.89,0.45,0.21,3.02
2021-09-10,22,2.23,24.82,3.74,4.06,1.1,15.23,0.0,2.22,1.1,15.35,0.47,0.18,2.83
2021-09-13,1,2.26,24.4,3.74,3.86,1.04,14.5,0.0,2.25,1.04,14.48,0.41,0.2,2.89
2021-09-13,2,2.27,24.84,3.75,4.06,1.1,15.23,0.0,2.29,1.11,15.07,0.48,0.21,3.0
2021-09-13,3,2.34,24.85,3.68,3.98,1.1,14.68,0.0,2.34,1.1,14.77,0.48,0.17,2.71
2021-09-13,4,2.27,24.61,3.58,4.09,1.2,14.63,0.0,2.28,1.23,14.54,0.44,0.39,3.11
2021-09-13,5,2.26,24.65,3.75,3.88,1.06,14.55,0.0,2.26,1.06,14.51,0.45,0.26,3.03
2021-09-13,6,2.32,24.52,3.62,3.81,1.06,13.84,0.0,2.33,1.06,13.79,0.5,0.24,3.3
2021-09-13,7,2.32,24.28,3.69,3.93,1.08,14.47,0.0,2.33,1.08,14.65,0.42,0.21,2.32
2021-09-13,8,2.28,24.23,3.85,3.93,1.04,15.08,0.0,2.27,1.03,14.99,0.4,0.19,2.13
2021-09-13,9,2.32,24.6,3.75,3.92,1.06,14.75,0.0,2.33,1.07,14.78,0.48,0.2,2.86
2021-09-13,10,2.25,24.41,3.77,4.11,1.1,15.47,0.0,2.24,1.1,15.58,0.38,0.18,2.45
2021-09-13,11,2.27,24.46,3.7,4.15,1.14,15.39,0.0,2.29,1.13,15.34,0.47,0.19,2.87
2021-09-13,12,2.2,24.03,3.64,4.02,1.11,14.75,0.0,2.18,1.11,14.74,0.4,0.17,3.15
2021-09-13,13,2.31,24.29,3.78,3.89,1.04,14.87,0.0,2.32,1.04,14.77,0.45,0.16,3.48
2021-09-13,14,2.38,24.4,3.71,3.95,1.08,14.57,0.0,2.37,1.08,14.55,0.47,0.23,2.05
2021-09-13,15,2.36,24.43,3.6,4.01,1.13,14.46,0.0,2.35,1.12,14.49,0.37,0.18,2.78
2021-09-13,16,2.25,24.56,3.66,3.97,1.1,14.52,0.0,2.24,1.1,14.41,0.55,0.2,2.69
2021-09-13,17,2.2,24.03,3.75,3.8,1.03,14.34,0.0,2.18,1.02,14.34,0.45,0.19,3.05
2021-09-13,18,2.38,24.75,3.76,3.84,1.03,14.52,0.0,2.39,1.03,14.45,0.43,0.2,3.41
2021-09-13,19,2.26,24.14,3.83,3.91,1.03,15.02,0.0,2.26,1.04,15.08,0.47,0.22,3.25
2021-09-13,20,2.22,24.34,3.62,4.04,1.14,14.63,0.0,2.23,1.14,14.74,0.43,0.23,2.6
2021-09-13,21,2.35,24.41,3.8,3.96,1.05,15.09,0.0,2.38,1.05,14.95,0.64,0.17,2.95
2021-09-13,22,2.35,24.38,3.6,3.93,1.12,14.19,1.0,2.36,1.11,14.19,0.55,0.25,3.1
2021-09-14,1,2.33,24.54,3.83,4.05,1.07,15.49,0.0,2.32,1.06,15.49,0.44,0.18,2.8
2021-09-14,2,2.25,24.23,3.73,3.89,1.06,14.47,0.0,2.27,1.06,14.51,0.42,0.22,2.35
2021-09-14,3,2.29,24.66,3.69,3.94,1.08,14.53,0.0,2.29,1.08,14.46,0.52,0.19,2.47
2021-09-14,4,2.16,24.91,3.82,3.91,1.04,14.96,0.0,2.17,1.03,14.81,0.43,0.2,2.6
2021-09-14,5,2.27,24.16,3.71,4.0,1.09,14.86,0.0,2.26,1.09,14.8,0.37,0.19,2.72
2021-09-14,6,2.25,24.28,3.75,4.04,1.09,15.21,0.0,2.24,1.09,15.22,0.48,0.2,2.91
2021-09-14,7,2.21,24.77,3.78,3.99,1.07,15.11,0.0,2.24,1.06,15.18,0.43,0.18,2.69
2021-09-14,8,2.25,24.6,3.82,3.98,1.05,15.26,0.0,2.26,1.05,15.25,0.42,0.16,2.99
2021-09-14,9,2.28,24.39,3.77,4.05,1.09,15.35,0.0,2.3,1.09,15.19,0.49,0.22,2.99
2021-09-14,10,2.36,24.43,3.66,3.91,1.08,14.36,0.0,2.36,1.08,14.42,0.47,0.17,2.7
2021-09-14,11,2.29,24.39,3.71,3.9,1.07,14.48,0.0,2.28,1.06,14.49,0.4,0.19,3.24
2021-09-14,12,2.25,24.79,3.63,3.95,1.12,14.33,0.0,2.27,1.13,14.34,0.39,0.25,2.66
2021-09-14,13,2.28,24.59,3.74,3.84,1.04,14.36,0.0,2.28,1.04,14.34,0.46,0.19,2.4
2021-09-14,14,2.22,24.37,3.8,3.88,1.04,14.7,0.0,2.21,1.05,14.75,0.41,0.22,2.87
2021-09-14,15,2.2,24.41,3.79,3.97,1.06,15.04,0.0,2.2,1.06,14.99,0.44,0.18,2.6
2021-09-14,16,2.31,24.63,3.75,3.82,1.04,14.27,0.0,2.31,1.05,14.37,0.55,0.21,2.55
2021-09-14,17,2.42,24.61,3.71,4.03,1.1,14.93,0.0,2.44,1.1,14.98,0.68,0.19,2.68
2021-09-14,18,2.25,24.0,3.75,3.95,1.06,14.84,0.0,2.28,1.06,14.86,0.51,0.17,2.66
2021-09-14,19,2.31,24.59,3.67,3.99,1.1,14.68,0.0,2.3,1.09,14.71,0.44,0.17,2.86
2021-09-14,20,2.38,25.08,3.66,3.86,1.08,14.19,0.0,2.41,1.09,14.13,0.47,0.26,3.04
2021-09-14,21,2.2,24.5,3.8,3.86,1.02,14.76,0.0,2.2,1.02,14.66,0.47,0.18,3.23
2021-09-14,22,2.3,24.67,3.75,3.92,1.06,14.74,0.0,2.28,1.06,14.86,0.43,0.19,2.63
2021-09-15,1,2.33,24.48,3.67,4.02,1.11,14.71,0.0,2.35,1.1,14.69,0.42,0.2,2.07
2021-09-15,2,2.29,24.54,3.77,3.92,1.06,14.78,0.0,2.29,1.06,14.73,0.47,0.2,2.64
2021-09-15,3,2.23,24.35,3.77,3.84,1.03,14.51,0.0,2.25,1.03,14.59,0.49,0.23,3.2
2021-09-15,4,2.25,24.49,3.76,3.9,1.06,14.6,0.0,2.25,1.05,14.71,0.42,0.23,2.39
2021-09-15,5,2.27,24.7,3.77,3.96,1.07,14.92,0.0,2.27,1.06,14.81,0.44,0.21,2.83
2021-09-15,6,2.3,24.62,3.74,4.0,1.08,14.96,0.0,2.29,1.09,14.88,0.44,0.19,2.55
2021-09-15,7,2.26,24.47,3.81,3.95,1.05,15.08,0.0,2.26,1.06,15.15,0.42,0.17,2.93
2021-09-15,8,2.4,24.03,3.69,4.02,1.1,14.87,0.0,2.4,1.1,14.87,0.53,0.15,2.46
2021-09-15,9,2.32,24.53,3.74,3.88,1.05,14.54,0.0,2.32,1.05,14.62,0.4,0.2,3.03
2021-09-15,10,2.35,24.58,3.7,3.97,1.09,14.74,0.0,2.35,1.08,14.66,0.51,0.19,2.91
2021-09-15,11,2.26,24.57,3.73,4.0,1.08,14.95,0.0,2.28,1.08,14.99,0.54,0.19,2.73
2021-09-15,12,2.36,24.46,3.74,4.03,1.09,15.09,0.0,2.35,1.09,15.09,0.42,0.22,2.81
2021-09-15,13,2.25,24.2,3.8,3.94,1.05,15.06,0.0,2.28,1.06,14.99,0.51,0.18,3.02
2021-09-15,14,2.33,25.01,3.7,3.87,1.06,14.34,0.0,2.32,1.06,14.42,0.38,0.17,2.66
2021-09-15,15,2.23,24.25,3.75,4.08,1.1,15.3,0.0,2.23,1.1,15.33,0.42,0.18,2.71
2021-09-15,16,2.27,24.66,3.88,4.11,1.07,15.96,0.0,2.25,1.07,15.92,0.39,0.18,2.86
2021-09-15,17,2.45,24.15,3.65,3.86,1.07,14.1,0.0,2.44,1.07,14.2,0.62,0.19,2.64
2021-09-15,18,2.24,24.23,3.65,4.12,1.17,15.0,0.0,2.23,1.18,14.94,0.44,0.29,2.92
2021-09-15,19,2.18,24.09,3.69,3.95,1.09,14.55,0.0,2.17,1.1,14.58,0.47,0.22,2.6
2021-09-15,20,2.27,24.48,3.72,4.07,1.11,15.13,0.0,2.26,1.11,15.18,0.4,0.17,2.56
2021-09-15,21,2.24,24.97,3.74,3.97,1.07,14.92,0.0,2.24,1.08,15.0,0.45,0.18,3.02
2021-09-15,22,2.31,24.37,3.66,4.09,1.16,14.93,0.0,2.32,1.16,14.9,0.61,0.26,3.17
2021-09-16,1,2.24,24.4,3.72,4.04,1.1,15.11,0.0,2.24,1.09,14.99,0.44,0.17,3.0
2021-09-16,2,2.2,24.03,3.67,4.06,1.15,14.81,0.0,2.21,1.17,14.89,0.39,0.31,2.87
2021-09-16,3,2.41,24.61,3.75,3.96,1.06,14.99,3.0,2.39,1.07,14.94,0.55,0.17,3.49
2021-09-16,4,2.2,24.5,3.82,4.01,1.06,15.34,0.0,2.2,1.06,15.42,0.41,0.17,2.41
2021-09-16,5,2.26,24.55,3.73,3.87,1.06,14.37,0.0,2.23,1.07,14.36,0.55,0.22,2.45
2021-09-16,6,2.25,24.16,3.77,4.0,1.07,15.04,0.0,2.24,1.07,15.08,0.4,0.19,2.49
2021-09-16,7,2.32,24.6,3.75,4.04,1.09,15.14,0.0,2.31,1.09,15.21,0.36,0.21,2.5
2021-09-16,8,2.3,24.26,3.7,3.93,1.07,14.54,0.0,2.29,1.08,14.57,0.39,0.21,2.69
2021-09-16,9,2.41,24.21,3.7,4.05,1.13,14.97,0.0,2.37,1.13,15.02,0.6,0.26,2.84
2021-09-16,10,2.23,24.49,3.72,4.05,1.1,15.03,0.0,2.2,1.1,14.99,0.43,0.2,2.45
2021-09-16,11,2.38,24.31,3.72,3.92,1.06,14.61,0.0,2.37,1.07,14.67,0.43,0.19,2.93
2021-09-16,12,2.23,24.52,3.64,3.87,1.07,14.24,0.0,2.23,1.06,14.33,0.43,0.18,3.15
2021-09-16,13,2.27,24.46,3.68,4.08,1.12,15.02,0.0,2.27,1.12,14.95,0.44,0.2,2.7
2021-09-16,14,2.33,24.51,3.66,4.06,1.13,14.89,0.0,2.32,1.13,14.81,0.5,0.22,2.78
2021-09-16,15,2.41,24.35,3.76,3.97,1.06,14.99,0.0,2.39,1.07,14.88,0.5,0.17,3.17
2021-09-16,16,2.19,24.4,3.64,3.98,1.12,14.46,0.0,2.19,1.12,14.59,0.42,0.23,2.61
2021-09-16,17,2.26,24.73,3.8,3.98,1.06,15.09,0.0,2.25,1.07,15.06,0.42,0.21,2.46
2021-09-16,18,2.3,24.58,3.69,3.87,1.06,14.37,0.0,2.3,1.06,14.43,0.56,0.2,2.92
2021-09-16,19,2.2,24.83,3.85,3.9,1.02,15.0,0.0,2.21,1.03,14.91,0.42,0.24,3.39
2021-09-16,20,2.36,24.46,3.65,4.04,1.14,14.71,0.0,2.37,1.14,14.68,0.46,0.26,2.79
2021-09-16,21,2.29,24.33,3.77,3.96,1.06,14.95,0.0,2.26,1.06,14.98,0.4,0.17,2.79
2021-09-16,22,2.37,24.18,3.73,3.88,1.05,14.48,0.0,2.36,1.05,14.49,0.54,0.18,2.75
2021-09-17,1,2.34,24.09,3.75,3.94,1.08,14.76,0.0,2.33,1.08,14.73,0.51,0.24,2.79
2021-09-17,2,2.32,24.81,3.76,3.91,1.07,14.75,0.0,2.28,1.08,14.88,0.47,0.24,2.98
2021-09-17,3,2.28,24.54,3.7,4.09,1.15,15.08,0.0,2.27,1.15,15.08,0.49,0.29,2.98
2021-09-17,4,2.24,24.53,3.79,3.97,1.06,15.06,0.0,2.24,1.06,14.96,0.36,0.21,2.82
2021-09-17,5,2.41,24.65,3.6,3.98,1.12,14.33,0.0,2.4,1.12,14.23,0.59,0.17,2.62
2021-09-17,6,2.35,24.92,3.8,4.07,1.1,15.45,0.0,2.34,1.1,15.56,0.4,0.22,2.95
2021-09-17,7,2.26,24.49,3.75,3.99,1.09,14.97,0.0,2.26,1.09,14.87,0.47,0.25,2.94
2021-09-17,8,2.28,24.7,3.79,3.94,1.05,14.94,0.0,2.27,1.06,14.88,0.51,0.2,2.79
2021-09-17,9,2.27,24.41,3.73,3.84,1.04,14.33,0.0,2.26,1.04,14.47,0.43,0.18,2.75
2021-09-17,10,2.3,24.64,3.73,3.93,1.07,14.63,0.0,2.29,1.07,14.74,0.55,0.19,2.74
2021-09-17,11,2.34,24.58,3.71,3.89,1.07,14.36,0.0,2.32,1.07,14.41,0.5,0.22,2.07
2021-09-17,12,2.2,24.34,3.77,3.92,1.06,14.74,0.0,2.22,1.06,14.75,0.4,0.19,2.37
2021-09-17,13,2.36,24.47,3.66,3.82,1.05,14.14,0.0,2.35,1.04,14.12,0.56,0.19,3.4
2021-09-17,14,2.27,24.37,3.75,4.05,1.09,15.22,0.0,2.27,1.1,15.19,0.46,0.19,3.11
2021-09-17,15,2.19,24.04,3.76,4.07,1.09,15.33,0.0,2.21,1.09,15.26,0.39,0.18,2.51
2021-09-17,16,2.34,24.61,3.72,3.9,1.07,14.52,1.0,2.36,1.06,14.46,0.58,0.25,3.27
2021-09-17,17,2.25,24.5,3.82,4.03,1.07,15.36,0.0,2.24,1.06,15.37,0.42,0.18,2.48
2021-09-17,18,2.17,24.14,3.83,3.89,1.03,14.87,0.0,2.17,1.03,14.85,0.45,0.19,2.47
2021-09-17,19,2.25,24.36,3.79,4.0,1.07,15.14,0.0,2.25,1.07,15.11,0.41,0.21,2.64
2021-09-17,20,2.31,24.12,3.7,4.01,1.1,14.94,0.0,2.3,1.09,15.0,0.53,0.19,2.96
2021-09-17,21,2.31,24.54,3.81,4.06,1.08,15.46,0.0,2.3,1.08,15.47,0.51,0.17,2.83
2021-09-17,22,2.18,24.73,3.71,3.77,1.03,14.04,0.0,2.22,1.03,13.94,0.48,0.18,2.54
2021-09-23,1,2.33,24.64,3.74,4.13,1.12,15.43,0.0,2.34,1.12,15.51,0.38,0.19,2.62
2021-09-23,2,2.28,24.53,3.76,4.08,1.1,15.31,0.0,2.28,1.1,15.26,0.48,0.2,2.77
2021-09-23,3,2.34,24.71,3.66,3.98,1.11,14.59,0.0,2.34,1.1,14.55,0.5,0.22,2.85
2021-09-23,4,2.32,24.44,3.82,3.96,1.05,15.18,0.0,2.32,1.06,15.28,0.4,0.19,2.89
2021-09-23,5,2.3,25.06,3.68,4.11,1.13,15.19,0.0,2.27,1.13,15.11,0.55,0.19,2.82
2021-09-23,6,2.36,24.73,3.72,3.82,1.04,14.3,0.0,2.38,1.03,14.41,0.66,0.2,3.06
2021-09-23,7,2.28,24.09,3.81,3.98,1.06,15.17,0.0,2.27,1.06,15.09,0.44,0.21,2.78
2021-09-23,8,2.26,24.18,3.72,3.94,1.08,14.6,0.0,2.27,1.08,14.62,0.55,0.22,2.67
2021-09-23,9,2.2,24.64,3.76,4.03,1.09,15.19,0.0,2.21,1.09,15.12,0.43,0.16,2.87
2021-09-23,10,2.23,24.27,3.78,4.04,1.08,15.28,0.0,2.23,1.08,15.2,0.41,0.17,2.68
2021-09-23,11,2.27,24.14,3.78,4.07,1.09,15.37,0.0,2.27,1.1,15.34,0.48,0.22,2.57
2021-09-23,12,2.21,24.69,3.7,3.87,1.07,14.32,0.0,2.2,1.08,14.39,0.42,0.23,2.57
2021-09-23,13,2.21,24.83,3.69,3.97,1.09,14.64,0.0,2.21,1.09,14.6,0.5,0.21,2.76
2021-09-23,14,2.21,23.99,3.74,3.9,1.06,14.59,0.0,2.23,1.06,14.56,0.43,0.17,2.88
2021-09-23,15,2.33,24.79,3.83,4.11,1.09,15.71,0.0,2.3,1.08,15.59,0.44,0.19,2.63
2021-09-23,16,2.39,24.29,3.67,4.01,1.14,14.71,0.0,2.38,1.12,14.74,0.41,0.25,3.12
2021-09-23,17,2.27,24.32,3.66,3.97,1.11,14.53,0.0,2.28,1.12,14.47,0.5,0.23,2.69
2021-09-23,18,2.28,24.68,3.76,3.96,1.06,14.88,0.0,2.29,1.07,14.92,0.42,0.17,2.55
2021-09-23,19,2.23,24.5,3.75,3.92,1.06,14.71,0.0,2.23,1.06,14.68,0.46,0.17,2.61
2021-09-23,20,2.26,24.24,3.88,3.94,1.03,15.22,0.0,2.28,1.03,15.11,0.42,0.2,2.36
2021-09-23,21,2.35,24.85,3.8,4.01,1.07,15.23,0.0,2.34,1.07,15.29,0.43,0.18,2.69
2021-09-23,22,2.35,25.33,3.78,3.88,1.04,14.66,0.0,2.37,1.04,14.57,0.42,0.19,2.83
2021-09-24,1,2.2,24.34,3.73,4.02,1.09,15.02,0.0,2.22,1.1,15.09,0.44,0.17,2.62
2021-09-24,2,2.21,24.54,3.74,3.95,1.07,14.77,0.0,2.21,1.07,14.85,0.39,0.19,2.7
2021-09-24,3,2.25,24.78,3.64,3.87,1.07,14.21,0.0,2.28,1.08,14.06,0.53,0.2,3.44
2021-09-24,4,2.32,24.29,3.75,3.9,1.05,14.67,0.0,2.33,1.05,14.76,0.45,0.17,2.82
2021-09-24,5,2.3,24.24,3.79,3.89,1.05,14.71,0.0,2.31,1.04,14.72,0.41,0.24,3.54
2021-09-24,6,2.27,24.31,3.74,4.01,1.09,14.99,0.0,2.27,1.09,14.94,0.42,0.21,2.25
2021-09-24,7,2.41,24.59,3.82,4.08,1.08,15.62,0.0,2.4,1.09,15.59,0.48,0.17,2.8
2021-09-24,8,2.33,24.26,3.73,3.9,1.05,14.57,0.0,2.33,1.05,14.5,0.48,0.22,3.09
2021-09-24,9,2.36,24.93,3.69,3.96,1.09,14.67,0.0,2.35,1.08,14.55,0.5,0.19,2.69
2021-09-24,10,2.25,24.14,3.75,4.03,1.09,15.09,0.0,2.27,1.09,15.15,0.44,0.2,2.97
2021-09-24,11,2.28,24.48,3.65,4.02,1.12,14.65,0.0,2.29,1.13,14.57,0.52,0.25,2.69
2021-09-24,12,2.32,24.44,3.65,4.07,1.14,14.83,0.0,2.31,1.14,14.93,0.52,0.22,2.67
2021-09-24,13,2.29,24.29,3.76,4.0,1.08,15.06,0.0,2.28,1.08,15.12,0.36,0.19,2.96
2021-09-24,14,2.26,24.15,3.59,4.12,1.17,14.83,0.0,2.26,1.17,14.76,0.47,0.23,2.75
2021-09-24,15,2.27,24.5,3.79,3.94,1.07,14.91,0.0,2.28,1.07,14.82,0.46,0.25,3.02
2021-09-24,16,2.17,24.79,3.73,3.93,1.06,14.79,0.0,2.18,1.05,14.67,0.44,0.16,3.28
2021-09-24,17,2.21,24.22,3.65,3.96,1.16,14.34,0.0,2.21,1.18,14.32,0.48,0.42,3.17
2021-09-24,18,2.21,24.41,3.67,3.9,1.08,14.33,0.0,2.22,1.08,14.4,0.41,0.19,2.35
2021-09-24,19,2.23,24.26,3.7,3.98,1.1,14.73,0.0,2.25,1.09,14.81,0.44,0.22,2.68
2021-09-24,20,2.15,24.65,3.6,3.81,1.07,13.73,0.0,2.18,1.07,13.87,0.42,0.2,2.55
2021-09-24,21,2.3,24.2,3.73,3.97,1.08,14.81,0.0,2.29,1.08,14.92,0.43,0.17,2.41
2021-09-24,22,2.27,24.06,3.64,3.98,1.1,14.46,0.0,2.26,1.1,14.44,0.39,0.19,2.64
2021-09-27,1,2.27,24.49,3.76,4.12,1.11,15.49,0.0,2.27,1.1,15.39,0.51,0.19,2.99
2021-09-27,2,2.18,24.3,3.65,3.96,1.1,14.49,0.0,2.2,1.1,14.57,0.35,0.22,2.73
2021-09-27,3,2.17,24.02,3.7,4.08,1.13,15.08,0.0,2.19,1.12,15.05,0.39,0.23,2.63
2021-09-27,4,2.35,24.38,3.58,4.04,1.15,14.41,0.0,2.35,1.15,14.4,0.43,0.21,2.03
2021-09-27,5,2.2,24.63,3.72,4.08,1.11,15.15,0.0,2.21,1.11,14.95,0.38,0.21,2.37
2021-09-27,6,2.25,24.45,3.76,4.02,1.08,15.1,0.0,2.25,1.08,15.19,0.42,0.2,2.8
2021-09-27,7,2.28,24.36,3.71,3.89,1.06,14.42,0.0,2.28,1.08,14.35,0.49,0.2,2.33
2021-09-27,8,2.26,24.53,3.75,3.95,1.07,14.78,0.0,2.27,1.06,14.75,0.41,0.22,2.54
2021-09-27,9,2.27,24.28,3.73,3.85,1.04,14.39,0.0,2.27,1.05,14.52,0.41,0.2,2.85
2021-09-27,10,2.36,24.23,3.82,3.93,1.04,15.06,0.0,2.36,1.04,15.12,0.46,0.19,2.64
2021-09-27,11,2.3,24.31,3.83,4.01,1.06,15.34,0.0,2.28,1.06,15.34,0.53,0.2,2.8
2021-09-27,12,2.34,24.24,3.75,4.01,1.09,15.09,0.0,2.34,1.09,15.09,0.56,0.21,2.79
2021-09-27,13,2.36,24.59,3.64,3.98,1.12,14.48,0.0,2.41,1.13,14.43,0.66,0.23,2.85
2021-09-27,14,2.25,24.19,3.79,4.12,1.1,15.59,0.0,2.26,1.1,15.49,0.4,0.19,2.4
2021-09-27,15,2.28,24.44,3.64,4.06,1.13,14.85,0.0,2.28,1.14,14.74,0.46,0.23,2.99
2021-09-27,16,2.26,24.3,3.73,3.94,1.07,14.71,0.0,2.24,1.06,14.67,0.43,0.22,3.06
2021-09-27,17,2.27,24.29,3.77,3.99,1.07,15.08,0.0,2.28,1.07,14.97,0.44,0.17,2.58
2021-09-27,18,2.27,24.4,3.7,3.99,1.1,14.76,0.0,2.3,1.1,14.87,0.41,0.21,2.9
2021-09-27,19,2.33,24.18,3.73,3.96,1.08,14.87,0.0,2.31,1.08,14.8,0.46,0.19,3.09
2021-09-27,20,2.27,24.82,3.7,4.1,1.13,15.15,0.0,2.27,1.13,15.16,0.46,0.22,2.69
2021-09-27,21,2.32,24.93,3.7,3.89,1.07,14.29,0.0,2.33,1.09,14.38,0.39,0.23,2.92
2021-09-27,22,2.28,24.69,3.72,4.0,1.09,14.85,0.0,2.28,1.08,14.83,0.47,0.18,2.5
2021-09-28,1,2.27,24.25,3.78,3.98,1.07,15.05,0.0,2.27,1.07,15.07,0.44,0.18,2.94
2021-09-28,2,2.17,24.46,3.81,3.87,1.04,14.67,0.0,2.19,1.03,14.76,0.43,0.25,3.01
2021-09-28,3,2.24,24.44,3.68,4.06,1.12,14.98,0.0,2.27,1.11,14.96,0.42,0.19,2.6
2021-09-28,4,2.26,24.25,3.65,3.96,1.1,14.59,0.0,2.26,1.1,14.63,0.46,0.19,3.03
2021-09-28,5,2.4,24.3,3.8,4.08,1.09,15.48,0.0,2.38,1.09,15.53,0.45,0.19,2.53
2021-09-28,6,2.28,24.72,3.74,3.96,1.08,14.79,0.0,2.26,1.08,14.76,0.47,0.22,2.65
2021-09-28,7,2.31,24.33,3.83,3.89,1.03,15.0,0.0,2.3,1.03,15.13,0.54,0.18,2.81
2021-09-28,8,2.17,24.44,3.63,3.89,1.1,14.13,2.0,2.2,1.11,14.23,0.52,0.24,2.97
2021-09-28,9,2.31,24.68,3.76,4.01,1.09,15.13,0.0,2.29,1.08,15.08,0.43,0.21,3.15
2021-09-28,10,2.29,24.03,3.72,3.94,1.07,14.72,0.0,2.33,1.08,14.51,0.52,0.2,2.99
2021-09-28,11,2.23,24.51,3.68,4.07,1.12,14.93,0.0,2.23,1.12,14.91,0.41,0.22,2.44
2021-09-28,12,2.33,24.4,3.72,3.99,1.09,14.86,0.0,2.32,1.09,14.78,0.51,0.21,2.58
2021-09-28,13,2.34,24.32,3.79,3.87,1.03,14.72,0.0,2.32,1.03,14.71,0.43,0.19,2.9
2021-09-28,14,2.3,24.43,3.72,3.98,1.09,14.82,0.0,2.3,1.08,14.83,0.44,0.19,2.51
2021-09-28,15,2.33,24.61,3.71,3.97,1.08,14.79,0.0,2.32,1.08,14.9,0.5,0.18,2.44
2021-09-28,16,2.22,24.47,3.75,4.05,1.09,15.24,0.0,2.24,1.09,15.07,0.41,0.18,3.01
2021-09-28,17,2.25,24.29,3.71,3.92,1.08,14.59,0.0,2.25,1.07,14.57,0.41,0.21,2.63
2021-09-28,18,2.17,24.94,3.69,3.92,1.08,14.48,0.0,2.15,1.09,14.47,0.42,0.21,2.88
2021-09-28,19,2.16,24.75,3.83,3.95,1.05,15.1,0.0,2.17,1.05,15.22,0.43,0.19,2.48
2021-09-28,20,2.22,24.53,3.8,4.03,1.07,15.34,0.0,2.23,1.07,15.3,0.45,0.18,3.02
2021-09-28,21,2.19,24.93,3.71,3.93,1.07,14.6,0.0,2.2,1.07,14.63,0.4,0.2,2.53
2021-09-28,22,2.24,24.63,3.77,3.94,1.05,14.92,0.0,2.25,1.06,14.81,0.38,0.21,3.26
2021-09-29,1,2.19,24.28,3.7,3.99,1.09,14.81,0.0,2.19,1.09,14.91,0.45,0.18,2.84
2021-09-29,2,2.32,25.22,3.72,4.01,1.1,14.88,0.0,2.32,1.1,14.85,0.39,0.22,1.93
2021-09-29,3,2.33,24.65,3.68,4.02,1.11,14.8,0.0,2.31,1.1,14.81,0.41,0.18,2.7
2021-09-29,4,2.26,24.09,3.88,4.04,1.05,15.75,0.0,2.29,1.06,15.75,0.41,0.15,2.75
2021-09-29,5,2.31,24.64,3.73,3.93,1.07,14.66,0.0,2.29,1.06,14.66,0.4,0.17,2.44
2021-09-29,6,2.2,24.65,3.7,4.03,1.11,14.85,0.0,2.19,1.11,14.88,0.41,0.23,2.72
2021-09-29,7,2.23,25.03,3.76,4.02,1.08,15.17,0.0,2.24,1.08,15.03,0.38,0.2,3.14
2021-09-29,8,2.2,24.27,3.56,3.93,1.13,14.17,0.0,2.21,1.13,14.12,0.44,0.21,3.19
2021-09-29,9,2.28,24.55,3.72,3.94,1.08,14.7,0.0,2.3,1.08,14.61,0.47,0.18,2.77
2021-09-29,10,2.24,24.09,3.75,3.85,1.04,14.49,0.0,2.24,1.04,14.42,0.43,0.19,2.64
2021-09-29,11,2.19,24.6,3.79,3.89,1.04,14.77,0.0,2.19,1.04,14.72,0.38,0.19,2.71
2021-09-29,12,2.2,24.28,3.75,4.07,1.1,15.21,0.0,2.2,1.1,15.32,0.43,0.19,2.03
2021-09-29,13,2.33,24.53,3.71,3.95,1.09,14.62,0.0,2.33,1.1,14.63,0.54,0.23,2.77
2021-09-29,14,2.31,24.65,3.67,4.01,1.11,14.72,0.0,2.31,1.1,14.75,0.37,0.19,2.86
2021-09-29,15,2.18,24.22,3.78,4.07,1.09,15.45,0.0,2.18,1.09,15.36,0.43,0.18,2.9
2021-09-29,16,2.34,24.56,3.73,4.04,1.1,15.08,0.0,2.33,1.11,14.88,0.42,0.21,2.84
2021-09-29,17,2.23,24.42,3.84,4.04,1.06,15.58,0.0,2.22,1.07,15.66,0.37,0.17,2.8
2021-09-29,18,2.25,24.3,3.81,3.92,1.04,14.88,0.0,2.26,1.05,14.82,0.44,0.2,2.37
2021-09-29,19,2.26,24.75,3.81,4.04,1.08,15.38,0.0,2.25,1.08,15.35,0.42,0.18,2.61
2021-09-29,20,2.18,24.51,3.77,3.9,1.05,14.73,0.0,2.21,1.05,14.68,0.44,0.18,2.67
2021-09-29,21,2.32,24.28,3.74,3.87,1.04,14.54,0.0,2.34,1.05,14.5,0.52,0.2,3.01
2021-09-29,22,2.25,24.25,3.79,4.03,1.09,15.32,0.0,2.27,1.09,15.39,0.44,0.22,3.25
2021-09-30,1,2.32,24.69,3.79,3.99,1.06,15.12,0.0,2.33,1.06,14.85,0.37,0.18,2.8
2021-09-30,2,2.23,24.39,3.67,4.07,1.13,14.9,0.0,2.23,1.13,15.0,0.41,0.25,2.73
2021-09-30,3,2.23,24.19,3.73,3.88,1.06,14.45,0.0,2.22,1.07,14.56,0.34,0.2,2.49
2021-09-30,4,2.38,24.64,3.8,4.01,1.07,15.25,0.0,2.38,1.07,15.26,0.61,0.2,3.01
2021-09-30,5,2.24,24.5,3.65,4.02,1.11,14.71,0.0,2.27,1.12,14.77,0.51,0.18,2.87
2021-09-30,6,2.28,24.48,3.73,4.0,1.09,14.93,0.0,2.28,1.08,14.8,0.46,0.2,2.66
2021-09-30,7,2.18,24.76,3.76,4.1,1.11,15.37,0.0,2.17,1.11,15.22,0.41,0.22,2.63
2021-09-30,8,2.24,24.22,3.76,3.89,1.05,14.65,0.0,2.23,1.05,14.81,0.43,0.19,2.69
2021-09-30,9,2.31,24.39,3.64,4.04,1.14,14.68,0.0,2.3,1.14,14.62,0.44,0.26,2.9
2021-09-30,10,2.41,24.41,3.62,3.89,1.08,14.21,0.0,2.42,1.08,14.15,0.49,0.2,3.1
2021-09-30,11,2.24,24.49,3.72,3.85,1.05,14.3,0.0,2.25,1.05,14.34,0.46,0.2,2.58
2021-09-30,12,2.3,24.42,3.67,3.9,1.08,14.39,0.0,2.3,1.08,14.33,0.53,0.19,2.94
2021-09-30,13,2.4,23.94,3.72,4.03,1.1,15.04,3.0,2.4,1.09,15.03,0.55,0.24,3.04
2021-09-30,14,2.22,24.58,3.73,3.93,1.06,14.69,0.0,2.2,1.06,14.86,0.46,0.17,2.8
2021-09-30,15,2.32,24.06,3.59,3.91,1.1,14.23,0.0,2.32,1.1,14.28,0.4,0.17,3.61
2021-09-30,16,2.2,24.79,3.66,4.02,1.14,14.64,0.0,2.21,1.14,14.59,0.45,0.3,2.85
2021-09-30,17,2.34,24.47,3.75,3.94,1.06,14.81,0.0,2.33,1.06,14.84,0.43,0.17,2.6
2021-09-30,18,2.33,24.55,3.66,3.96,1.09,14.46,0.0,2.33,1.1,14.61,0.35,0.17,2.3
2021-09-30,19,2.32,24.24,3.6,3.84,1.09,13.96,0.0,2.34,1.09,13.87,0.68,0.18,3.34
2021-09-30,20,2.27,24.45,3.7,4.0,1.09,15.01,0.0,2.28,1.09,14.79,0.39,0.18,3.12
2021-09-30,21,2.35,24.5,3.69,4.08,1.13,15.07,0.0,2.35,1.12,15.01,0.4,0.21,2.87
2021-09-30,22,2.3,24.31,3.74,4.08,1.11,15.24,0.0,2.3,1.1,15.24,0.44,0.21,2.45
2021-10-01,1,2.24,24.03,3.85,3.89,1.03,14.98,0.0,2.22,1.03,14.94,0.4,0.19,2.82
2021-10-01,2,2.33,24.01,3.7,4.05,1.11,15.02,0.0,2.31,1.11,15.02,0.44,0.19,2.86
2021-10-01,3,2.26,24.79,3.77,3.92,1.06,14.75,0.0,2.26,1.06,14.81,0.45,0.2,2.47
2021-10-01,4,2.3,24.62,3.64,3.98,1.12,14.49,0.0,2.29,1.11,14.5,0.45,0.22,2.82
2021-10-01,5,2.29,24.7,3.85,4.01,1.05,15.45,0.0,2.31,1.06,15.33,0.55,0.17,2.88
2021-10-01,6,2.23,24.74,3.7,3.9,1.07,14.45,0.0,2.23,1.07,14.56,0.41,0.19,2.71
2021-10-01,7,2.25,24.56,3.7,3.89,1.06,14.41,0.0,2.27,1.07,14.4,0.49,0.21,2.42
2021-10-01,8,2.21,24.41,3.72,4.03,1.09,15.04,0.0,2.22,1.09,15.07,0.4,0.21,2.7
2021-10-01,9,2.21,24.31,3.8,3.97,1.06,15.1,0.0,2.21,1.07,15.15,0.42,0.19,2.49
2021-10-01,10,2.16,24.63,3.76,3.97,1.08,14.9,0.0,2.17,1.08,14.88,0.43,0.23,2.64
2021-10-01,11,2.25,24.46,3.77,4.04,1.09,15.25,0.0,2.25,1.08,15.28,0.42,0.21,2.78
2021-10-01,12,2.22,24.76,3.77,4.0,1.07,15.11,0.0,2.25,1.07,15.19,0.36,0.17,2.85
2021-10-01,13,2.29,25.05,3.83,3.94,1.04,15.15,0.0,2.3,1.04,15.08,0.41,0.18,3.09
2021-10-01,14,2.25,24.45,3.71,3.99,1.09,14.79,0.0,2.25,1.09,14.91,0.45,0.19,2.28
2021-10-01,15,2.46,24.79,3.75,4.0,1.09,14.88,0.0,2.49,1.08,14.85,0.71,0.25,2.45
2021-10-01,16,2.22,24.72,3.73,4.09,1.11,15.3,0.0,2.23,1.1,15.34,0.42,0.18,2.78
2021-10-01,17,2.31,24.33,3.8,4.01,1.07,15.19,0.0,2.3,1.08,15.11,0.39,0.21,2.41
2021-10-01,18,2.29,24.85,3.6,3.88,1.11,13.92,0.0,2.29,1.1,13.93,0.47,0.27,2.71
2021-10-01,19,2.23,24.39,3.8,3.98,1.07,15.18,0.0,2.22,1.07,15.17,0.44,0.25,3.16
2021-10-01,20,2.31,24.63,3.76,3.99,1.07,15.01,0.0,2.3,1.07,15.02,0.45,0.17,2.71
2021-10-01,21,2.19,24.6,3.73,3.94,1.07,14.76,0.0,2.16,1.07,14.69,0.48,0.19,3.22
2021-10-01,22,2.33,24.64,3.69,3.97,1.1,14.58,0.0,2.34,1.09,14.67,0.36,0.22,2.44
2021-10-05,1,2.27,24.76,3.72,4.08,1.1,15.23,0.0,2.27,1.1,15.17,0.42,0.17,2.84
2021-10-05,2,2.32,24.69,3.67,4.04,1.12,14.88,0.0,2.31,1.11,14.79,0.47,0.22,2.91
2021-10-05,3,2.48,25.12,3.81,3.93,1.05,14.88,0.0,2.44,1.07,14.99,0.46,0.23,2.68
2021-10-05,4,2.32,24.53,3.71,3.96,1.1,14.64,0.0,2.34,1.09,14.77,0.42,0.24,2.41
2021-10-05,5,2.2,24.23,3.73,4.04,1.1,15.09,0.0,2.21,1.1,15.09,0.43,0.21,2.82
2021-10-05,6,2.26,24.33,3.65,4.0,1.11,14.52,0.0,2.25,1.12,14.56,0.38,0.22,2.13
2021-10-05,7,2.29,24.55,3.71,3.91,1.07,14.58,0.0,2.28,1.06,14.52,0.46,0.18,2.81
2021-10-05,8,2.19,24.25,3.78,3.93,1.06,14.84,0.0,2.2,1.06,14.96,0.42,0.19,2.68
2021-10-05,9,2.34,24.27,3.68,4.0,1.1,14.75,0.0,2.33,1.09,14.73,0.44,0.19,2.61
2021-10-05,10,2.29,24.47,3.69,4.08,1.13,15.13,0.0,2.28,1.12,15.23,0.45,0.2,2.92
2021-10-05,11,2.29,24.57,3.72,4.04,1.11,15.03,0.0,2.28,1.11,15.17,0.56,0.23,2.8
2021-10-05,12,2.24,24.49,3.76,3.93,1.06,14.82,0.0,2.23,1.06,14.79,0.43,0.17,2.85
2021-10-05,13,2.43,24.26,3.71,4.0,1.1,14.84,0.0,2.44,1.1,14.89,0.48,0.26,3.48
2021-10-05,14,2.23,24.03,3.77,3.93,1.06,14.87,0.0,2.22,1.06,15.01,0.35,0.21,2.93
2021-10-05,15,2.18,24.78,3.74,4.05,1.1,15.12,0.0,2.2,1.1,15.26,0.42,0.21,2.34
2021-10-05,16,2.27,24.59,3.62,4.05,1.15,14.66,0.0,2.26,1.16,14.73,0.46,0.26,2.65
2021-10-05,17,2.35,24.8,3.83,4.0,1.06,15.3,0.0,2.34,1.07,15.28,0.52,0.19,2.5
2021-10-05,18,2.25,24.64,3.56,3.93,1.14,14.01,2.0,2.27,1.13,13.8,0.43,0.27,3.2
2021-10-05,19,2.28,24.81,3.76,3.9,1.06,14.62,0.0,2.26,1.06,14.62,0.43,0.21,2.72
2021-10-05,20,2.2,24.34,3.73,4.0,1.09,14.89,0.0,2.22,1.09,14.83,0.42,0.18,2.49
2021-10-05,21,2.37,24.65,3.73,3.92,1.06,14.59,0.0,2.37,1.06,14.68,0.46,0.21,2.55
2021-10-05,22,2.13,24.16,3.75,4.05,1.1,15.18,0.0,2.14,1.1,15.2,0.41,0.21,2.71
2021-10-06,1,2.21,24.61,3.74,3.96,1.08,14.76,0.0,2.2,1.08,14.62,0.39,0.21,2.19
2021-10-06,2,2.22,24.36,3.72,3.93,1.08,14.57,0.0,2.24,1.08,14.63,0.46,0.21,2.79
2021-10-06,3,2.25,24.5,3.74,3.87,1.05,14.51,0.0,2.24,1.05,14.62,0.4,0.18,2.68
2021-10-06,4,2.25,24.55,3.81,4.14,1.11,15.74,0.0,2.25,1.11,15.76,0.41,0.2,2.79
2021-10-06,5,2.21,24.8,3.82,4.02,1.06,15.37,0.0,2.19,1.06,15.32,0.43,0.18,2.56
2021-10-06,6,2.17,24.37,3.8,3.98,1.06,15.14,0.0,2.18,1.05,15.06,0.46,0.18,2.82
2021-10-06,7,2.27,24.65,3.67,3.99,1.1,14.65,0.0,2.28,1.11,14.61,0.49,0.19,2.55
2021-10-06,8,2.27,24.08,3.69,4.03,1.1,14.92,0.0,2.25,1.1,14.87,0.39,0.15,2.47
2021-10-06,9,2.3,24.78,3.83,4.04,1.08,15.44,0.0,2.29,1.08,15.36,0.49,0.23,2.63
2021-10-06,10,2.34,24.24,3.78,3.89,1.04,14.7,0.0,2.32,1.05,14.76,0.5,0.22,2.97
2021-10-06,11,2.27,24.53,3.73,3.81,1.03,14.21,0.0,2.27,1.04,14.38,0.44,0.2,3.24
2021-10-06,12,2.31,24.21,3.81,3.87,1.04,14.68,0.0,2.29,1.03,14.48,0.51,0.23,2.73
2021-10-06,13,2.29,24.23,3.75,4.02,1.08,15.18,0.0,2.3,1.09,15.16,0.38,0.18,2.92
2021-10-06,14,2.38,24.35,3.76,4.04,1.1,15.17,0.0,2.38,1.1,15.11,0.55,0.24,2.98
2021-10-06,15,2.36,24.35,3.73,4.04,1.11,15.09,0.0,2.36,1.1,15.09,0.4,0.22,3.09
2021-10-06,16,2.3,24.82,3.62,4.01,1.12,14.46,0.0,2.31,1.12,14.4,0.46,0.2,2.26
2021-10-06,17,2.35,24.35,3.82,3.96,1.05,15.17,0.0,2.35,1.04,15.13,0.54,0.16,2.82
2021-10-06,18,2.28,24.82,3.71,4.03,1.1,14.92,0.0,2.29,1.1,14.81,0.42,0.22,2.49
2021-10-06,19,2.3,24.53,3.67,3.89,1.08,14.23,0.0,2.32,1.08,14.32,0.42,0.24,3.02
2021-10-06,20,2.3,24.68,3.73,3.95,1.07,14.73,0.0,2.29,1.08,14.77,0.48,0.2,2.63
2021-10-06,21,2.25,24.16,3.7,3.93,1.08,14.59,0.0,2.26,1.08,14.69,0.43,0.2,2.82
2021-10-06,22,2.29,24.55,3.7,4.0,1.09,14.78,0.0,2.28,1.1,14.73,0.52,0.18,2.8
2021-10-07,1,2.33,24.28,3.7,3.91,1.07,14.49,0.0,2.33,1.07,14.46,0.48,0.22,3.0
2021-10-07,2,2.27,24.71,3.7,4.01,1.1,14.83,0.0,2.29,1.09,14.77,0.43,0.21,2.82
2021-10-07,3,2.22,24.55,3.68,3.98,1.1,14.57,0.0,2.2,1.1,14.49,0.46,0.23,2.09
2021-10-07,4,2.31,24.56,3.72,3.98,1.1,14.84,0.0,2.3,1.1,14.92,0.54,0.25,3.15
2021-10-07,5,2.29,24.15,3.73,3.97,1.08,14.8,0.0,2.29,1.09,14.74,0.4,0.2,2.85
2021-10-07,6,2.33,23.99,3.75,4.0,1.08,14.97,0.0,2.34,1.08,15.0,0.43,0.18,2.62
2021-10-07,7,2.26,24.25,3.67,3.97,1.1,14.56,0.0,2.26,1.1,14.53,0.51,0.22,2.67
2021-10-07,8,2.29,24.4,3.75,4.07,1.1,15.23,0.0,2.3,1.1,15.25,0.45,0.22,2.74
2021-10-07,9,2.27,24.38,3.83,4.01,1.06,15.47,0.0,2.26,1.05,15.49,0.49,0.16,3.12
2021-10-07,10,2.25,24.33,3.68,3.87,1.06,14.3,0.0,2.25,1.06,14.17,0.42,0.21,3.0
2021-10-07,11,2.28,24.8,3.74,4.1,1.11,15.3,0.0,2.32,1.1,15.23,0.52,0.2,2.6
2021-10-07,12,2.23,24.8,3.7,3.94,1.07,14.6,0.0,2.23,1.07,14.66,0.48,0.18,2.65
2021-10-07,13,2.26,24.7,3.74,4.03,1.09,15.06,0.0,2.26,1.09,14.95,0.46,0.17,2.38
2021-10-07,14,2.27,24.83,3.7,4.0,1.09,14.78,0.0,2.26,1.09,14.71,0.4,0.19,2.75
2021-10-07,15,2.29,24.2,3.74,3.99,1.08,15.01,0.0,2.28,1.07,14.89,0.52,0.23,3.19
2021-10-07,16,2.33,24.17,3.68,3.97,1.09,14.71,0.0,2.33,1.09,14.68,0.41,0.17,2.83
2021-10-07,17,2.33,24.44,3.76,3.98,1.07,14.99,0.0,2.31,1.07,14.97,0.44,0.18,2.79
2021-10-07,18,2.24,24.18,3.63,4.05,1.13,14.71,0.0,2.24,1.13,14.64,0.44,0.19,2.35
2021-10-07,19,2.4,24.19,3.77,3.83,1.03,14.43,0.0,2.4,1.02,14.36,0.69,0.19,2.83
2021-10-07,20,2.3,24.81,3.68,3.9,1.07,14.43,0.0,2.28,1.08,14.42,0.36,0.18,2.63
2021-10-07,21,2.28,24.36,3.74,3.9,1.06,14.62,0.0,2.27,1.06,14.72,0.53,0.23,3.38
2021-10-07,22,2.34,24.23,3.7,3.88,1.07,14.34,0.0,2.36,1.06,14.41,0.57,0.21,2.57
2021-10-08,1,2.43,24.6,3.83,3.86,1.02,14.8,0.0,2.4,1.03,14.85,0.42,0.2,3.02
2021-10-08,2,2.35,24.3,3.79,3.87,1.03,14.77,0.0,2.36,1.04,14.82,0.51,0.18,3.15
2021-10-08,3,2.38,24.45,3.69,4.06,1.16,14.92,0.0,2.39,1.15,14.94,0.72,0.34,3.14
2021-10-08,4,2.23,24.55,3.74,4.06,1.11,15.17,0.0,2.23,1.11,15.09,0.43,0.2,2.59
2021-10-08,5,2.24,24.81,3.77,3.95,1.06,14.91,0.0,2.23,1.06,14.86,0.4,0.17,2.74
2021-10-08,6,2.2,24.43,3.64,4.01,1.12,14.64,0.0,2.2,1.11,14.61,0.44,0.21,3.0
2021-10-08,7,2.27,24.69,3.63,3.93,1.09,14.28,0.0,2.28,1.1,14.27,0.52,0.21,2.69
2021-10-08,8,2.24,24.8,3.75,3.94,1.07,14.78,0.0,2.24,1.06,14.84,0.44,0.18,2.44
2021-10-08,9,2.29,24.1,3.8,4.0,1.07,15.19,0.0,2.29,1.05,15.05,0.46,0.19,2.65
2021-10-08,10,2.42,24.32,3.65,4.05,1.13,14.73,0.0,2.41,1.14,14.72,0.55,0.23,2.45
2021-10-08,11,2.37,24.57,3.62,3.98,1.11,14.39,0.0,2.36,1.11,14.47,0.46,0.2,2.4
2021-10-08,12,2.36,24.63,3.72,3.95,1.07,14.69,0.0,2.36,1.08,14.73,0.41,0.22,2.96
2021-10-08,13,2.2,24.27,3.77,4.03,1.08,15.21,0.0,2.18,1.09,15.26,0.48,0.19,2.86
2021-10-08,14,2.31,24.25,3.66,4.1,1.13,15.01,0.0,2.31,1.13,14.87,0.44,0.2,2.67
2021-10-08,15,2.22,24.5,3.85,4.05,1.06,15.65,0.0,2.2,1.06,15.43,0.42,0.19,3.12
2021-10-08,16,2.27,24.78,3.68,3.98,1.1,14.69,0.0,2.28,1.1,14.68,0.39,0.19,2.68
2021-10-08,17,2.3,24.74,3.76,3.87,1.04,14.57,0.0,2.3,1.04,14.64,0.42,0.2,3.14
2021-10-08,18,2.35,24.41,3.75,3.89,1.05,14.57,0.0,2.33,1.05,14.56,0.42,0.22,2.91
2021-10-08,19,2.35,24.21,3.73,3.92,1.07,14.71,3.0,2.4,1.07,14.56,0.6,0.2,3.07
2021-10-08,20,2.32,24.06,3.68,3.93,1.08,14.48,0.0,2.32,1.07,14.45,0.51,0.17,2.53
2021-10-08,21,2.26,24.52,3.73,3.97,1.08,14.8,0.0,2.25,1.08,14.62,0.49,0.2,2.61
2021-10-08,22,2.27,24.45,3.75,3.91,1.06,14.66,0.0,2.28,1.06,14.64,0.42,0.2,2.81
2021-10-12,1,2.31,24.1,3.68,4.05,1.12,14.85,0.0,2.31,1.11,14.86,0.43,0.22,2.46
2021-10-12,2,2.22,24.7,3.83,3.91,1.04,15.02,0.0,2.23,1.04,14.97,0.5,0.21,3.08
2021-10-12,3,2.22,24.69,3.77,4.0,1.08,15.07,0.0,2.23,1.08,14.98,0.42,0.18,2.33
2021-10-12,4,2.36,24.5,3.69,4.0,1.1,14.8,0.0,2.36,1.11,14.72,0.53,0.23,2.92
2021-10-12,5,2.33,24.47,3.68,4.05,1.11,15.08,0.0,2.32,1.11,15.01,0.45,0.18,3.54
2021-10-12,6,2.32,24.61,3.76,4.07,1.09,15.32,0.0,2.29,1.09,15.4,0.43,0.18,2.61
2021-10-12,7,2.23,24.23,3.76,3.95,1.07,14.85,0.0,2.28,1.07,14.76,0.48,0.23,3.23
2021-10-12,8,2.37,24.71,3.82,4.06,1.07,15.5,0.0,2.35,1.06,15.45,0.42,0.18,2.58
2021-10-12,9,2.27,25.15,3.6,3.93,1.11,14.23,0.0,2.28,1.11,14.36,0.47,0.25,3.06
2021-10-12,10,2.27,24.79,3.72,3.93,1.07,14.59,0.0,2.3,1.08,14.54,0.44,0.22,2.59
2021-10-12,11,2.23,24.56,3.67,3.79,1.04,13.96,0.0,2.25,1.04,14.0,0.41,0.2,2.65
2021-10-12,12,2.29,24.56,3.65,3.99,1.12,14.49,0.0,2.28,1.12,14.53,0.5,0.25,2.62
2021-10-12,13,2.22,24.45,3.77,4.05,1.09,15.23,0.0,2.23,1.09,15.15,0.4,0.23,2.48
2021-10-12,14,2.22,24.89,3.79,3.85,1.03,14.53,0.0,2.23,1.03,14.5,0.46,0.2,2.48
2021-10-12,15,2.26,24.42,3.67,3.88,1.09,14.16,0.0,2.26,1.09,14.05,0.43,0.25,2.1
2021-10-12,16,2.29,24.91,3.77,4.01,1.08,15.12,0.0,2.29,1.08,14.97,0.45,0.19,2.46
2021-10-12,17,2.44,24.59,3.66,3.97,1.1,14.58,0.0,2.43,1.1,14.61,0.66,0.19,2.83
2021-10-12,18,2.25,24.27,3.79,4.07,1.08,15.45,0.0,2.24,1.08,15.39,0.43,0.18,2.51
2021-10-12,19,2.26,24.44,3.69,4.08,1.12,15.15,0.0,2.24,1.11,15.03,0.43,0.21,3.37
2021-10-12,20,2.29,24.14,3.72,3.92,1.06,14.63,0.0,2.29,1.07,14.54,0.43,0.17,2.65
2021-10-12,21,2.28,24.29,3.76,4.17,1.12,15.73,0.0,2.32,1.15,15.65,0.49,0.22,2.93
2021-10-12,22,2.2,24.6,3.74,3.94,1.07,14.74,0.0,2.19,1.06,14.85,0.42,0.18,2.83
2021-10-13,1,2.25,24.86,3.77,4.02,1.08,15.17,0.0,2.27,1.09,15.23,0.42,0.2,2.87
2021-10-13,2,2.29,24.29,3.6,4.03,1.18,14.52,0.0,2.27,1.18,14.43,0.4,0.34,3.42
2021-10-13,3,2.3,24.92,3.8,3.8,1.02,14.39,0.0,2.31,1.01,14.28,0.54,0.22,2.3
2021-10-13,4,2.32,24.68,3.73,3.98,1.08,14.79,0.0,2.32,1.07,14.62,0.4,0.19,2.34
2021-10-13,5,2.35,24.62,3.64,4.01,1.12,14.54,0.0,2.34,1.12,14.55,0.48,0.24,3.31
2021-10-13,6,2.27,24.92,3.64,4.0,1.12,14.61,0.0,2.27,1.12,14.76,0.41,0.21,2.79
2021-10-13,7,2.35,24.81,3.68,3.82,1.04,14.24,0.0,2.36,1.04,14.29,0.5,0.18,3.26
2021-10-13,8,2.36,24.41,3.72,3.98,1.11,14.78,0.0,2.38,1.1,14.83,0.48,0.26,2.91
2021-10-13,9,2.27,24.42,3.7,4.06,1.11,15.04,0.0,2.28,1.12,14.95,0.47,0.21,2.59
2021-10-13,10,2.35,24.13,3.77,4.01,1.09,15.08,1.0,2.33,1.1,15.06,0.61,0.25,2.61
2021-10-13,11,2.3,24.49,3.73,3.83,1.04,14.29,0.0,2.29,1.05,14.34,0.5,0.18,2.55
2021-10-13,12,2.3,24.45,3.8,4.09,1.1,15.58,0.0,2.29,1.1,15.64,0.4,0.2,2.67
2021-10-13,13,2.42,24.75,3.78,4.02,1.08,15.18,0.0,2.4,1.08,15.25,0.58,0.2,2.47
2021-10-13,14,2.28,24.42,3.84,4.04,1.07,15.53,0.0,2.28,1.06,15.39,0.46,0.18,2.91
2021-10-13,15,2.32,24.62,3.79,4.0,1.07,15.14,0.0,2.31,1.07,15.07,0.42,0.2,2.6
2021-10-13,16,2.27,24.52,3.67,3.88,1.07,14.38,0.0,2.26,1.07,14.42,0.44,0.17,3.16
2021-10-13,17,2.24,24.34,3.78,4.13,1.11,15.62,0.0,2.24,1.11,15.47,0.45,0.19,2.57
2021-10-13,18,2.31,24.5,3.66,4.05,1.16,14.87,0.0,2.32,1.17,14.76,0.46,0.33,3.29
2021-10-13,19,2.23,24.92,3.77,4.1,1.1,15.44,0.0,2.23,1.1,15.5,0.46,0.19,2.62
2021-10-13,20,2.26,24.23,3.73,3.95,1.08,14.69,0.0,2.26,1.08,14.72,0.51,0.21,2.7
2021-10-13,21,2.33,24.43,3.81,4.12,1.1,15.72,0.0,2.31,1.09,15.7,0.36,0.19,2.72
2021-10-13,22,2.22,24.63,3.74,3.96,1.09,14.83,0.0,2.22,1.07,14.9,0.5,0.21,3.01
2021-10-14,1,2.27,24.32,3.76,4.1,1.11,15.37,0.0,2.28,1.11,15.34,0.38,0.23,2.57
2021-10-14,2,2.26,24.25,3.75,3.9,1.05,14.68,0.0,2.26,1.05,14.86,0.47,0.2,2.99
2021-10-14,3,2.5,24.25,3.75,3.93,1.07,14.72,3.0,2.47,1.06,14.53,0.72,0.24,3.17
2021-10-14,4,2.33,24.2,3.73,4.03,1.1,15.0,0.0,2.31,1.1,14.96,0.47,0.21,2.37
2021-10-14,5,2.41,24.68,3.76,4.03,1.08,15.19,0.0,2.43,1.08,15.15,0.65,0.16,2.87
2021-10-14,6,2.3,24.54,3.66,4.02,1.11,14.75,0.0,2.31,1.11,14.8,0.4,0.18,2.55
2021-10-14,7,2.36,24.88,3.71,4.09,1.12,15.26,0.0,2.36,1.12,15.22,0.47,0.19,2.96
2021-10-14,8,2.21,24.62,3.69,3.85,1.06,14.24,0.0,2.21,1.06,14.13,0.49,0.21,2.81
2021-10-14,9,2.3,24.28,3.68,4.03,1.11,14.84,0.0,2.33,1.11,14.9,0.55,0.2,2.71
2021-10-14,10,2.29,24.44,3.78,4.16,1.11,15.71,0.0,2.28,1.12,15.64,0.55,0.19,2.42
2021-10-14,11,2.23,24.42,3.72,4.05,1.1,15.08,0.0,2.25,1.1,15.14,0.44,0.17,2.74
2021-10-14,12,2.25,24.25,3.83,3.96,1.05,15.2,0.0,2.26,1.04,15.07,0.4,0.2,2.86
2021-10-14,13,2.34,24.36,3.69,3.93,1.09,14.5,0.0,2.34,1.09,14.62,0.43,0.23,2.89
2021-10-14,14,2.35,24.26,3.76,3.99,1.08,15.04,0.0,2.36,1.07,15.06,0.44,0.18,2.87
2021-10-14,15,2.35,24.2,3.75,4.0,1.1,14.93,0.0,2.36,1.09,14.83,0.53,0.24,2.52
2021-10-14,16,2.35,24.64,3.68,3.89,1.1,14.35,0.0,2.36,1.1,14.4,0.51,0.27,2.95
2021-10-14,17,2.32,24.55,3.77,4.03,1.09,15.18,0.0,2.31,1.09,15.14,0.52,0.22,2.77
2021-10-14,18,2.38,24.74,3.69,4.01,1.1,14.83,0.0,2.39,1.09,14.84,0.49,0.22,2.87
2021-10-14,19,2.35,24.67,3.67,3.96,1.09,14.58,0.0,2.32,1.09,14.48,0.46,0.18,2.68
2021-10-14,20,2.3,24.21,3.7,4.1,1.14,15.16,0.0,2.29,1.13,15.2,0.49,0.24,2.88
2021-10-14,21,2.26,24.8,3.78,3.96,1.06,14.99,0.0,2.29,1.06,15.05,0.57,0.19,2.88
2021-10-14,22,2.37,24.85,3.74,3.99,1.08,14.97,0.0,2.39,1.09,15.06,0.53,0.17,2.81
2021-10-15,1,2.24,24.72,3.68,3.83,1.06,14.08,0.0,2.25,1.06,14.06,0.41,0.2,2.44
2021-10-15,2,2.45,24.22,3.78,4.03,1.08,15.21,0.0,2.46,1.09,15.31,0.55,0.19,2.48
2021-10-15,3,2.42,24.74,3.88,3.99,1.04,15.47,0.0,2.43,1.05,15.59,0.57,0.19,2.64
2021-10-15,4,2.25,24.33,3.71,3.98,1.08,14.84,0.0,2.24,1.08,14.8,0.4,0.19,3.09
2021-10-15,5,2.31,24.62,3.73,3.85,1.05,14.32,0.0,2.3,1.05,14.37,0.4,0.19,2.25
2021-10-15,6,2.36,24.08,3.65,3.92,1.09,14.41,0.0,2.38,1.1,14.45,0.47,0.22,3.11
2021-10-15,7,2.27,24.12,3.73,4.09,1.11,15.24,0.0,2.28,1.11,15.28,0.44,0.22,2.63
2021-10-15,8,2.34,24.42,3.66,4.11,1.14,15.06,0.0,2.31,1.14,15.1,0.48,0.2,2.77
2021-10-15,9,2.37,24.36,3.73,3.92,1.07,14.67,0.0,2.35,1.07,14.63,0.45,0.22,2.79
2021-10-15,10,2.24,24.61,3.7,4.0,1.1,14.79,0.0,2.25,1.1,14.82,0.45,0.21,2.53
2021-10-15,11,2.28,24.5,3.62,3.97,1.12,14.41,0.0,2.28,1.12,14.52,0.43,0.21,2.94
2021-10-15,12,2.29,24.83,3.67,3.94,1.1,14.55,0.0,2.3,1.11,14.57,0.41,0.22,3.42
2021-10-15,13,2.29,24.74,3.77,4.16,1.12,15.66,0.0,2.29,1.12,15.67,0.47,0.19,2.52
2021-10-15,14,2.29,24.45,3.73,4.09,1.12,15.26,0.0,2.27,1.13,15.34,0.49,0.24,3.08
2021-10-15,15,2.33,24.43,3.67,3.9,1.09,14.27,0.0,2.33,1.08,14.26,0.55,0.22,2.74
2021-10-15,16,2.28,24.35,3.64,3.96,1.1,14.39,0.0,2.27,1.1,14.43,0.45,0.21,2.64
2021-10-15,17,2.36,24.52,3.63,4.02,1.14,14.56,0.0,2.38,1.15,14.53,0.53,0.26,2.86
2021-10-15,18,2.22,24.29,3.76,4.01,1.08,15.09,0.0,2.21,1.08,15.17,0.39,0.19,2.68
2021-10-15,19,2.17,24.59,3.69,4.0,1.1,14.79,0.0,2.19,1.1,14.81,0.41,0.18,2.83
2021-10-15,20,2.31,24.39,3.73,4.01,1.09,14.92,0.0,2.31,1.09,14.99,0.48,0.2,2.44
2021-10-15,21,2.26,24.32,3.74,4.1,1.11,15.37,0.0,2.25,1.11,15.23,0.5,0.2,2.91
2021-10-15,22,2.21,24.44,3.74,3.98,1.08,14.84,0.0,2.22,1.09,14.93,0.46,0.21,2.41
2021-10-18,1,2.24,24.56,3.69,4.06,1.12,14.95,0.0,2.23,1.12,15.05,0.42,0.21,2.5
2021-10-18,2,2.35,24.48,3.74,4.01,1.08,15.03,0.0,2.36,1.09,15.0,0.5,0.17,3.0
2021-10-18,3,2.33,24.82,3.7,3.93,1.08,14.51,0.0,2.33,1.08,14.55,0.43,0.19,2.29
2021-10-18,4,2.3,24.14,3.78,3.95,1.06,14.91,0.0,2.3,1.05,14.97,0.51,0.19,2.5
2021-10-18,5,2.35,24.4,3.69,3.95,1.08,14.62,0.0,2.35,1.08,14.54,0.48,0.19,2.95
2021-10-18,6,2.29,24.67,3.75,3.97,1.08,14.88,0.0,2.27,1.07,15.0,0.48,0.22,2.82
2021-10-18,7,2.28,24.91,3.79,4.04,1.08,15.25,0.0,2.27,1.08,15.17,0.44,0.19,2.4
2021-10-18,8,2.16,24.29,3.66,3.94,1.09,14.38,0.0,2.17,1.09,14.56,0.43,0.25,2.39
2021-10-18,9,2.31,24.28,3.69,3.95,1.1,14.53,0.0,2.31,1.09,14.53,0.45,0.25,2.54
2021-10-18,10,2.26,24.4,3.69,3.97,1.09,14.74,0.0,2.26,1.11,14.81,0.43,0.21,3.44
2021-10-18,11,2.22,24.76,3.87,4.09,1.07,15.84,0.0,2.22,1.06,15.78,0.42,0.19,2.83
2021-10-18,12,2.23,24.87,3.7,3.89,1.06,14.42,0.0,2.23,1.06,14.52,0.48,0.17,2.4
2021-10-18,13,2.27,24.54,3.78,4.0,1.08,15.13,0.0,2.32,1.1,15.12,0.55,0.24,2.96
2021-10-18,14,2.25,24.39,3.72,3.98,1.08,14.82,0.0,2.25,1.09,14.8,0.46,0.19,2.87
2021-10-18,15,2.3,24.52,3.79,3.84,1.03,14.46,0.0,2.27,1.03,14.38,0.45,0.21,2.32
2021-10-18,16,2.32,24.35,3.76,4.0,1.07,15.07,0.0,2.3,1.07,15.16,0.45,0.19,2.88
2021-10-18,17,2.3,24.69,3.78,4.05,1.09,15.3,0.0,2.31,1.1,15.33,0.38,0.19,2.44
2021-10-18,18,2.23,24.98,3.71,3.98,1.1,14.74,0.0,2.23,1.09,14.72,0.36,0.24,3.0
2021-10-18,19,2.21,24.65,3.64,3.96,1.11,14.39,0.0,2.22,1.11,14.39,0.39,0.21,2.39
2021-10-18,20,2.19,24.15,3.75,4.09,1.1,15.34,0.0,2.2,1.1,15.26,0.36,0.16,2.6
2021-10-18,21,2.29,24.71,3.71,3.95,1.07,14.7,0.0,2.3,1.08,14.74,0.45,0.18,2.96
2021-10-18,22,2.19,25.06,3.74,4.04,1.1,15.14,0.0,2.21,1.11,15.22,0.44,0.19,2.93
2021-10-19,1,2.38,24.19,3.7,3.84,1.05,14.27,0.0,2.37,1.06,14.44,0.45,0.2,2.99
2021-10-19,2,2.41,24.52,3.67,3.98,1.11,14.59,0.0,2.42,1.11,14.49,0.52,0.23,2.63
2021-10-19,3,2.3,24.16,3.81,4.04,1.07,15.46,0.0,2.31,1.07,15.49,0.59,0.17,3.05
2021-10-19,4,2.4,24.73,3.82,3.96,1.04,15.17,0.0,2.41,1.04,15.15,0.54,0.16,2.73
2021-10-19,5,2.3,24.74,3.71,3.93,1.08,14.56,0.0,2.3,1.08,14.59,0.47,0.22,2.74
2021-10-19,6,2.3,24.2,3.77,4.02,1.08,15.19,0.0,2.32,1.08,15.31,0.55,0.17,2.7
2021-10-19,7,2.32,24.49,3.68,4.04,1.11,14.85,0.0,2.34,1.11,14.84,0.42,0.2,2.3
2021-10-19,8,2.24,24.45,3.78,4.22,1.13,15.97,0.0,2.24,1.13,15.89,0.47,0.2,2.84
2021-10-19,9,2.31,24.39,3.7,3.96,1.1,14.64,0.0,2.34,1.11,14.48,0.5,0.26,3.16
2021-10-19,10,2.33,24.55,3.67,3.94,1.08,14.52,0.0,2.33,1.08,14.62,0.44,0.17,3.1
2021-10-19,11,2.32,25.0,3.75,3.84,1.04,14.31,0.0,2.3,1.04,14.4,0.53,0.21,2.65
2021-10-19,12,2.25,24.99,3.66,4.04,1.13,14.84,0.0,2.26,1.12,14.83,0.48,0.22,3.0
2021-10-19,13,2.44,24.66,3.66,4.01,1.12,14.61,0.0,2.45,1.11,14.6,0.6,0.22,2.38
2021-10-19,14,2.29,24.82,3.8,4.01,1.07,15.24,0.0,2.28,1.06,15.24,0.44,0.17,2.5
2021-10-19,15,2.19,24.36,3.71,3.99,1.09,14.78,0.0,2.19,1.09,14.87,0.42,0.19,2.7
2021-10-19,16,2.33,24.64,3.74,4.06,1.1,15.24,0.0,2.32,1.1,15.21,0.47,0.18,2.71
2021-10-19,17,2.26,24.32,3.74,3.96,1.07,14.9,0.0,2.24,1.07,14.93,0.44,0.21,3.18
2021-10-19,18,2.19,24.79,3.68,4.0,1.1,14.72,0.0,2.19,1.09,14.75,0.44,0.19,2.65
2021-10-19,19,2.31,24.32,3.69,3.97,1.1,14.7,0.0,2.3,1.1,14.74,0.42,0.23,3.27
2021-10-19,20,2.27,24.41,3.8,3.99,1.06,15.17,0.0,2.28,1.07,15.14,0.44,0.17,2.28
2021-10-19,21,2.19,24.85,3.62,4.07,1.15,14.74,0.0,2.19,1.15,14.66,0.43,0.23,2.59
2021-10-19,22,2.38,24.28,3.8,3.95,1.05,15.02,0.0,2.39,1.05,15.16,0.42,0.17,2.66
2021-10-20,1,2.39,24.51,3.78,3.93,1.05,14.92,0.0,2.39,1.05,15.01,0.47,0.22,3.08
2021-10-20,2,2.23,24.74,3.78,3.95,1.05,14.98,0.0,2.24,1.06,14.9,0.45,0.16,2.78
2021-10-20,3,2.21,24.38,3.76,4.1,1.1,15.48,0.0,2.22,1.11,15.49,0.4,0.17,2.85
2021-10-20,4,2.2,24.8,3.79,4.06,1.09,15.39,0.0,2.21,1.09,15.31,0.41,0.18,2.5
2021-10-20,5,2.26,24.35,3.74,3.97,1.08,14.88,0.0,2.25,1.07,14.89,0.42,0.2,2.81
2021-10-20,6,2.27,24.33,3.82,3.9,1.03,14.9,0.0,2.27,1.04,14.86,0.5,0.18,2.39
2021-10-20,7,2.21,24.39,3.84,4.04,1.06,15.58,0.0,2.19,1.07,15.63,0.43,0.18,3.02
2021-10-20,8,2.29,24.59,3.72,3.93,1.1,14.53,0.0,2.3,1.09,14.52,0.47,0.26,2.37
2021-10-20,9,2.25,24.46,3.73,4.07,1.1,15.16,0.0,2.25,1.1,15.04,0.4,0.19,2.39
2021-10-20,10,2.33,24.44,3.73,3.94,1.07,14.68,0.0,2.33,1.07,14.78,0.45,0.2,2.78
2021-10-20,11,2.3,24.52,3.7,3.92,1.09,14.46,0.0,2.31,1.08,14.44,0.41,0.24,2.75
2021-10-20,12,2.32,24.73,3.67,4.09,1.13,14.98,0.0,2.34,1.15,14.96,0.71,0.22,2.8
2021-10-20,13,2.31,24.72,3.74,3.9,1.05,14.63,0.0,2.29,1.04,14.69,0.43,0.17,2.69
2021-10-20,14,2.35,24.12,3.71,3.84,1.05,14.25,0.0,2.33,1.05,14.21,0.58,0.18,2.84
2021-10-20,15,2.37,24.94,3.71,3.94,1.08,14.63,0.0,2.37,1.08,14.55,0.54,0.23,3.14
2021-10-20,16,2.23,24.15,3.74,4.06,1.1,15.14,0.0,2.21,1.11,15.21,0.43,0.23,2.4
2021-10-20,17,2.4,24.41,3.65,3.78,1.04,13.84,0.0,2.41,1.04,13.69,0.61,0.19,2.85
2021-10-20,18,2.14,24.93,3.75,3.8,1.02,14.36,0.0,2.14,1.03,14.28,0.38,0.19,3.58
2021-10-20,19,2.2,24.47,3.64,3.89,1.08,14.18,0.0,2.21,1.08,14.21,0.5,0.22,2.62
2021-10-20,20,2.34,24.75,3.75,3.99,1.08,14.93,0.0,2.34,1.08,14.98,0.51,0.18,2.59
2021-10-20,21,2.3,24.71,3.67,4.06,1.13,14.93,0.0,2.26,1.12,14.89,0.56,0.23,3.03
2021-10-20,22,2.22,23.82,3.79,3.96,1.07,15.0,0.0,2.25,1.09,14.96,0.48,0.26,2.57
2021-10-21,1,2.37,24.84,3.81,3.84,1.03,14.56,0.0,2.37,1.01,14.52,0.52,0.2,2.35
2021-10-21,2,2.33,24.57,3.74,3.99,1.08,14.93,0.0,2.33,1.09,14.92,0.53,0.21,2.73
2021-10-21,3,2.33,24.59,3.85,3.97,1.05,15.25,0.0,2.35,1.05,15.22,0.47,0.21,2.48
2021-10-21,4,2.29,24.95,3.88,4.11,1.07,15.97,0.0,2.3,1.07,15.99,0.49,0.18,2.57
2021-10-21,5,2.3,24.49,3.82,3.91,1.04,14.91,0.0,2.29,1.04,14.85,0.48,0.22,2.88
2021-10-21,6,2.37,24.58,3.78,4.04,1.09,15.25,0.0,2.37,1.08,15.13,0.48,0.21,2.54
2021-10-21,7,2.25,24.63,3.7,3.96,1.09,14.64,0.0,2.25,1.1,14.54,0.56,0.23,2.69
2021-10-21,8,2.32,24.12,3.71,3.74,1.01,14.11,0.0,2.33,1.02,14.09,0.62,0.2,3.53
2021-10-21,9,2.31,24.8,3.7,4.15,1.13,15.39,0.0,2.32,1.13,15.43,0.53,0.18,2.8
2021-10-21,10,2.33,24.88,3.75,4.2,1.14,15.74,0.0,2.32,1.14,15.73,0.44,0.19,2.54
2021-10-21,11,2.25,24.57,3.77,3.96,1.06,14.96,0.0,2.25,1.07,15.03,0.45,0.18,2.63
2021-10-21,12,2.16,24.23,3.69,4.11,1.13,15.2,0.0,2.16,1.12,15.31,0.42,0.18,2.99
2021-10-21,13,2.37,24.98,3.65,4.04,1.12,14.71,0.0,2.37,1.12,14.68,0.57,0.2,2.53
2021-10-21,14,2.17,24.9,3.77,4.05,1.09,15.32,0.0,2.2,1.08,15.39,0.43,0.18,2.91
2021-10-21,15,2.19,24.89,3.66,3.98,1.12,14.59,0.0,2.21,1.11,14.55,0.44,0.24,2.88
2021-10-21,16,2.25,24.67,3.74,3.97,1.08,14.79,0.0,2.26,1.08,14.79,0.4,0.17,2.32
2021-10-21,17,2.26,24.63,3.67,3.79,1.05,13.9,0.0,2.28,1.04,13.86,0.38,0.24,2.83
2021-10-21,18,2.25,24.76,3.77,4.01,1.08,15.12,0.0,2.24,1.08,15.11,0.39,0.19,2.81
2021-10-21,19,2.27,24.27,3.8,3.93,1.05,14.94,0.0,2.27,1.05,14.94,0.5,0.2,2.48
2021-10-21,20,2.34,24.66,3.68,4.0,1.12,14.73,0.0,2.32,1.12,14.68,0.4,0.25,2.78
2021-10-21,21,2.28,24.25,3.74,3.97,1.08,14.86,0.0,2.27,1.09,14.85,0.43,0.19,2.81
2021-10-21,22,2.27,24.25,3.79,3.87,1.03,14.65,0.0,2.25,1.03,14.66,0.4,0.19,2.36
2021-10-22,1,2.39,24.53,3.78,4.04,1.09,15.3,0.0,2.38,1.08,15.31,0.51,0.23,2.94
2021-10-22,2,2.2,24.48,3.62,3.94,1.1,14.33,0.0,2.2,1.1,14.32,0.39,0.2,3.02
2021-10-22,3,2.35,24.49,3.75,3.96,1.07,14.87,0.0,2.33,1.07,14.96,0.47,0.19,2.87
2021-10-22,4,2.31,24.51,3.76,3.97,1.07,14.94,0.0,2.32,1.07,15.04,0.45,0.19,3.21
2021-10-22,5,2.31,24.51,3.72,3.98,1.09,14.73,0.0,2.33,1.08,14.78,0.45,0.21,2.57
2021-10-22,6,2.28,24.47,3.68,3.97,1.1,14.63,0.0,2.29,1.1,14.63,0.48,0.22,2.9
2021-10-22,7,2.33,24.51,3.82,3.94,1.05,14.99,0.0,2.37,1.05,14.89,0.46,0.21,2.61
2021-10-22,8,2.37,24.28,3.7,3.85,1.05,14.26,0.0,2.35,1.05,14.35,0.48,0.18,2.78
2021-10-22,9,2.23,24.93,3.74,3.93,1.06,14.78,0.0,2.22,1.07,14.8,0.4,0.19,3.14
2021-10-22,10,2.44,24.59,3.65,3.92,1.09,14.29,1.0,2.43,1.1,14.25,0.54,0.23,2.5
2021-10-22,11,2.22,24.71,3.59,3.99,1.13,14.4,0.0,2.23,1.13,14.5,0.45,0.22,3.37
2021-10-22,12,2.32,24.54,3.74,3.9,1.06,14.54,0.0,2.32,1.06,14.44,0.52,0.26,2.78
2021-10-22,13,2.39,24.14,3.7,3.93,1.09,14.59,0.0,2.39,1.1,14.6,0.57,0.22,3.2
2021-10-22,14,2.29,24.35,3.72,3.95,1.08,14.75,0.0,2.28,1.08,14.79,0.39,0.21,2.83
2021-10-22,15,2.36,24.27,3.73,4.01,1.09,14.94,0.0,2.35,1.09,14.99,0.48,0.21,2.79
2021-10-22,16,2.19,24.91,3.72,4.04,1.11,15.03,0.0,2.19,1.11,15.03,0.49,0.23,2.92
2021-10-22,17,2.22,24.85,3.77,4.0,1.08,15.08,0.0,2.23,1.08,15.14,0.4,0.18,2.5
2021-10-22,18,2.36,24.14,3.7,4.12,1.15,15.17,0.0,2.36,1.15,15.27,0.48,0.28,2.75
2021-10-22,19,2.36,24.22,3.84,4.0,1.06,15.36,0.0,2.36,1.06,15.26,0.61,0.2,2.85
2021-10-22,20,2.21,24.47,3.82,4.08,1.08,15.55,0.0,2.21,1.09,15.5,0.44,0.2,2.41
2021-10-22,21,2.23,24.65,3.7,4.02,1.1,14.86,0.0,2.22,1.09,14.77,0.42,0.17,2.38
2021-10-22,22,2.25,25.02,3.77,3.93,1.06,14.83,0.0,2.25,1.06,14.83,0.47,0.19,2.73
2021-10-25,1,2.34,24.47,3.8,4.07,1.09,15.45,0.0,2.36,1.09,15.44,0.54,0.19,2.57
2021-10-25,2,2.23,24.37,3.82,3.96,1.05,15.11,0.0,2.23,1.05,14.98,0.48,0.18,2.5
2021-10-25,3,2.43,24.71,3.69,4.01,1.1,14.82,0.0,2.42,1.1,14.76,0.63,0.21,2.91
2021-10-25,4,2.38,24.2,3.74,4.02,1.11,15.03,0.0,2.35,1.1,14.94,0.52,0.27,2.82
2021-10-25,5,2.2,24.2,3.84,3.97,1.05,15.33,0.0,2.21,1.04,15.31,0.44,0.18,3.02
2021-10-25,6,2.35,24.34,3.82,4.08,1.08,15.59,0.0,2.36,1.07,15.52,0.62,0.15,2.76
2021-10-25,7,2.29,24.89,3.74,3.99,1.08,15.02,0.0,2.28,1.08,15.07,0.44,0.18,3.08
2021-10-25,8,2.27,24.59,3.74,3.95,1.07,14.74,0.0,2.28,1.07,14.83,0.42,0.19,2.48
2021-10-25,9,2.28,25.1,3.63,3.88,1.07,14.27,0.0,2.28,1.07,14.28,0.58,0.2,3.21
2021-10-25,10,2.38,24.66,3.81,3.96,1.05,15.09,0.0,2.41,1.05,15.08,0.65,0.18,2.5
2021-10-25,11,2.37,24.52,3.74,3.97,1.08,14.83,0.0,2.37,1.09,14.87,0.55,0.25,2.88
2021-10-25,12,2.32,24.47,3.68,4.07,1.12,15.01,0.0,2.32,1.11,15.07,0.4,0.15,2.75
2021-10-25,13,2.39,24.25,3.65,4.01,1.11,14.6,0.0,2.37,1.12,14.56,0.43,0.21,2.83
2021-10-25,14,2.29,24.2,3.77,4.07,1.09,15.39,0.0,2.31,1.08,15.42,0.43,0.16,2.69
2021-10-25,15,2.31,24.32,3.84,4.01,1.06,15.41,0.0,2.31,1.06,15.59,0.44,0.19,2.59
2021-10-25,16,2.37,24.12,3.71,4.08,1.12,15.19,3.0,2.37,1.14,14.99,0.53,0.24,3.23
2021-10-25,17,2.19,24.38,3.84,3.95,1.04,15.2,0.0,2.19,1.04,15.09,0.4,0.17,2.81
2021-10-25,18,2.33,24.28,3.65,3.97,1.1,14.62,0.0,2.31,1.09,14.75,0.47,0.15,3.16
2021-10-25,19,2.27,24.54,3.74,3.87,1.05,14.48,0.0,2.25,1.03,14.52,0.44,0.19,2.73
2021-10-25,20,2.34,24.52,3.73,4.0,1.08,15.02,0.0,2.32,1.08,14.94,0.55,0.15,3.03
2021-10-25,21,2.24,24.24,3.77,3.97,1.06,14.97,0.0,2.24,1.07,14.79,0.4,0.17,2.46
2021-10-25,22,2.28,24.54,3.77,4.01,1.08,15.12,0.0,2.27,1.08,15.05,0.47,0.19,2.8
2021-10-26,1,2.33,24.64,3.73,4.03,1.09,15.02,0.0,2.33,1.08,15.0,0.49,0.17,2.69
2021-10-26,2,2.29,24.75,3.73,4.04,1.1,15.06,0.0,2.3,1.1,15.05,0.48,0.2,2.49
2021-10-26,3,2.24,24.69,3.68,3.99,1.09,14.74,0.0,2.26,1.09,14.68,0.48,0.18,2.94
2021-10-26,4,2.28,24.05,3.74,3.93,1.07,14.65,0.0,2.3,1.06,14.56,0.43,0.17,2.16
2021-10-26,5,2.24,24.08,3.84,4.04,1.06,15.56,0.0,2.24,1.06,15.52,0.41,0.16,2.93
2021-10-26,6,2.34,24.3,3.66,4.12,1.14,15.09,0.0,2.34,1.13,15.06,0.44,0.18,2.31
2021-10-26,7,2.38,24.44,3.71,4.07,1.11,15.11,0.0,2.37,1.1,15.03,0.6,0.19,2.66
2021-10-26,8,2.21,24.38,3.72,3.95,1.07,14.71,0.0,2.24,1.06,14.78,0.46,0.18,2.92
2021-10-26,9,2.25,24.65,3.78,4.05,1.08,15.37,0.0,2.24,1.07,15.26,0.41,0.15,2.83
2021-10-26,10,2.31,24.33,3.74,4.0,1.09,14.93,0.0,2.3,1.08,14.87,0.4,0.21,2.64
2021-10-26,11,2.3,24.54,3.82,3.97,1.05,15.13,0.0,2.32,1.05,15.15,0.48,0.22,2.87
2021-10-26,12,2.18,24.54,3.72,4.03,1.09,15.0,0.0,2.19,1.1,14.99,0.43,0.19,2.67
2021-10-26,13,2.19,24.49,3.71,3.98,1.09,14.76,0.0,2.22,1.08,14.9,0.43,0.2,2.67
2021-10-26,14,2.31,24.84,3.77,4.09,1.1,15.45,0.0,2.34,1.09,15.49,0.51,0.18,2.99
2021-10-26,15,2.19,24.93,3.69,4.01,1.1,14.84,0.0,2.2,1.12,14.73,0.38,0.2,2.74
2021-10-26,16,2.21,24.71,3.75,4.01,1.08,15.09,0.0,2.21,1.07,14.98,0.51,0.16,2.96
2021-10-26,17,2.25,24.46,3.74,3.9,1.05,14.66,0.0,2.25,1.06,14.57,0.46,0.18,2.83
2021-10-26,18,2.3,24.91,3.66,3.84,1.05,14.29,0.0,2.29,1.06,14.34,0.64,0.22,3.77
2021-10-26,19,2.27,24.38,3.7,3.8,1.03,14.36,0.0,2.28,1.03,14.34,0.4,0.19,3.54
2021-10-26,20,2.25,24.47,3.68,4.03,1.11,14.96,0.0,2.26,1.1,14.81,0.43,0.2,3.05
2021-10-26,21,2.36,24.4,3.69,4.03,1.1,14.99,0.0,2.37,1.1,15.11,0.45,0.18,2.88
2021-10-26,22,2.36,24.96,3.87,3.98,1.04,15.38,0.0,2.38,1.05,15.47,0.45,0.19,2.73
2021-10-27,1,2.26,24.44,3.78,3.99,1.07,15.12,0.0,2.25,1.06,15.07,0.41,0.16,3.03
2021-10-27,2,2.28,24.2,3.83,3.99,1.05,15.36,0.0,2.27,1.06,15.45,0.47,0.17,3.23
2021-10-27,3,2.27,24.54,3.69,4.01,1.1,14.8,0.0,2.27,1.09,14.79,0.39,0.22,3.07
2021-10-27,4,2.34,24.49,3.66,3.98,1.1,14.55,0.0,2.35,1.11,14.59,0.42,0.2,2.46
2021-10-27,5,2.25,24.28,3.71,3.89,1.06,14.46,0.0,2.26,1.07,14.46,0.47,0.19,2.91
2021-10-27,6,2.33,24.6,3.76,3.82,1.03,14.44,0.0,2.33,1.03,14.5,0.51,0.18,2.91
2021-10-27,7,2.26,24.25,3.74,4.0,1.08,14.99,0.0,2.27,1.08,15.01,0.43,0.18,2.66
2021-10-27,8,2.21,24.78,3.71,4.11,1.13,15.26,0.0,2.23,1.12,15.17,0.4,0.21,2.93
2021-10-27,9,2.4,25.03,3.86,4.15,1.1,15.96,0.0,2.4,1.09,15.96,0.5,0.21,2.4
2021-10-27,10,2.36,24.56,3.63,3.97,1.12,14.51,0.0,2.34,1.12,14.59,0.49,0.2,3.11
2021-10-27,11,2.29,24.6,3.7,4.08,1.11,15.15,0.0,2.27,1.12,15.14,0.42,0.16,2.84
2021-10-27,12,2.41,24.41,3.82,3.95,1.05,15.15,0.0,2.4,1.05,15.05,0.44,0.18,2.99
2021-10-27,13,2.23,24.1,3.69,3.92,1.08,14.51,0.0,2.24,1.09,14.59,0.45,0.22,3.2
2021-10-27,14,2.22,24.18,3.68,3.98,1.11,14.69,0.0,2.25,1.11,14.69,0.43,0.22,2.89
2021-10-27,15,2.3,23.9,3.77,3.99,1.07,15.1,0.0,2.3,1.07,15.08,0.46,0.16,2.84
2021-10-27,16,2.35,24.22,3.75,3.93,1.06,14.84,0.0,2.34,1.06,14.76,0.42,0.17,3.03
2021-10-27,17,2.24,24.77,3.72,4.14,1.13,15.36,0.0,2.24,1.13,15.31,0.44,0.22,2.87
2021-10-27,18,2.38,24.51,3.72,3.89,1.07,14.47,0.0,2.38,1.07,14.44,0.59,0.21,2.74
2021-10-27,19,2.27,24.54,3.7,3.83,1.04,14.23,0.0,2.26,1.05,14.28,0.43,0.17,3.02
2021-10-27,20,2.25,24.58,3.76,3.99,1.07,15.07,0.0,2.25,1.07,15.16,0.55,0.16,3.17
2021-10-27,21,2.22,24.34,3.63,3.9,1.09,14.13,0.0,2.23,1.1,14.16,0.45,0.2,2.32
2021-10-27,22,2.25,25.05,3.78,3.91,1.04,14.8,0.0,2.25,1.05,14.85,0.53,0.17,2.89
